scope,scope_value,class,redshirt,pos_group,count
all,all,Fr,False,1B,29
all,all,Fr,False,C,181
all,all,Fr,False,IF,397
all,all,Fr,False,OF,249
all,all,Fr,False,P,894
all,all,Fr,False,UT/DH,39
all,all,Fr,False,two-way,118
all,all,Fr,False,unknown,21
all,all,Fr,True,1B,6
all,all,Fr,True,C,31
all,all,Fr,True,IF,48
all,all,Fr,True,OF,35
all,all,Fr,True,P,134
all,all,Fr,True,UT/DH,8
all,all,Fr,True,two-way,7
all,all,Fr,True,unknown,2
all,all,Gr,False,1B,8
all,all,Gr,False,C,31
all,all,Gr,False,IF,73
all,all,Gr,False,OF,53
all,all,Gr,False,P,207
all,all,Gr,False,UT/DH,7
all,all,Gr,False,two-way,5
all,all,Gr,False,unknown,3
all,all,Jr,False,1B,37
all,all,Jr,False,C,178
all,all,Jr,False,IF,399
all,all,Jr,False,OF,295
all,all,Jr,False,P,1035
all,all,Jr,False,UT/DH,37
all,all,Jr,False,two-way,59
all,all,Jr,False,unknown,19
all,all,Jr,True,1B,6
all,all,Jr,True,C,34
all,all,Jr,True,IF,67
all,all,Jr,True,OF,44
all,all,Jr,True,P,230
all,all,Jr,True,UT/DH,10
all,all,Jr,True,two-way,5
all,all,Jr,True,unknown,1
all,all,So,False,1B,14
all,all,So,False,C,140
all,all,So,False,IF,290
all,all,So,False,OF,200
all,all,So,False,P,698
all,all,So,False,UT/DH,32
all,all,So,False,two-way,46
all,all,So,False,unknown,12
all,all,So,True,1B,3
all,all,So,True,C,32
all,all,So,True,IF,69
all,all,So,True,OF,52
all,all,So,True,P,158
all,all,So,True,UT/DH,4
all,all,So,True,two-way,6
all,all,So,True,unknown,3
all,all,Sr,False,1B,35
all,all,Sr,False,C,146
all,all,Sr,False,IF,263
all,all,Sr,False,OF,245
all,all,Sr,False,P,667
all,all,Sr,False,UT/DH,23
all,all,Sr,False,two-way,25
all,all,Sr,False,unknown,12
all,all,Sr,True,1B,6
all,all,Sr,True,C,24
all,all,Sr,True,IF,45
all,all,Sr,True,OF,43
all,all,Sr,True,P,123
all,all,Sr,True,UT/DH,7
all,all,Sr,True,two-way,1
all,all,Sr,True,unknown,1
all,all,unknown,False,1B,3
all,all,unknown,False,C,11
all,all,unknown,False,IF,20
all,all,unknown,False,OF,16
all,all,unknown,False,P,39
all,all,unknown,False,UT/DH,2
all,all,unknown,False,two-way,5
all,all,unknown,True,C,7
all,all,unknown,True,IF,11
all,all,unknown,True,OF,6
all,all,unknown,True,P,32
all,all,unknown,True,UT/DH,1
tier,low,Fr,False,1B,7
tier,low,Fr,False,C,39
tier,low,Fr,False,IF,81
tier,low,Fr,False,OF,52
tier,low,Fr,False,P,180
tier,low,Fr,False,UT/DH,10
tier,low,Fr,False,two-way,20
tier,low,Fr,False,unknown,6
tier,low,Fr,True,C,8
tier,low,Fr,True,IF,13
tier,low,Fr,True,OF,6
tier,low,Fr,True,P,22
tier,low,Fr,True,UT/DH,1
tier,low,Fr,True,two-way,3
tier,low,Gr,False,1B,3
tier,low,Gr,False,C,9
tier,low,Gr,False,IF,16
tier,low,Gr,False,OF,9
tier,low,Gr,False,P,43
tier,low,Gr,False,UT/DH,3
tier,low,Gr,False,two-way,2
tier,low,Jr,False,1B,4
tier,low,Jr,False,C,39
tier,low,Jr,False,IF,96
tier,low,Jr,False,OF,80
tier,low,Jr,False,P,256
tier,low,Jr,False,UT/DH,10
tier,low,Jr,False,two-way,19
tier,low,Jr,False,unknown,3
tier,low,Jr,True,1B,1
tier,low,Jr,True,C,6
tier,low,Jr,True,IF,20
tier,low,Jr,True,OF,13
tier,low,Jr,True,P,38
tier,low,Jr,True,UT/DH,3
tier,low,Jr,True,unknown,1
tier,low,So,False,1B,3
tier,low,So,False,C,38
tier,low,So,False,IF,68
tier,low,So,False,OF,49
tier,low,So,False,P,153
tier,low,So,False,UT/DH,10
tier,low,So,False,two-way,7
tier,low,So,False,unknown,3
tier,low,So,True,C,7
tier,low,So,True,IF,18
tier,low,So,True,OF,10
tier,low,So,True,P,20
tier,low,So,True,UT/DH,4
tier,low,So,True,two-way,1
tier,low,So,True,unknown,1
tier,low,Sr,False,1B,8
tier,low,Sr,False,C,43
tier,low,Sr,False,IF,67
tier,low,Sr,False,OF,71
tier,low,Sr,False,P,205
tier,low,Sr,False,UT/DH,9
tier,low,Sr,False,two-way,5
tier,low,Sr,False,unknown,2
tier,low,Sr,True,C,5
tier,low,Sr,True,IF,10
tier,low,Sr,True,OF,9
tier,low,Sr,True,P,20
tier,low,Sr,True,UT/DH,1
tier,low,unknown,False,1B,2
tier,low,unknown,False,C,3
tier,low,unknown,False,IF,5
tier,low,unknown,False,OF,4
tier,low,unknown,False,P,1
tier,low,unknown,False,UT/DH,1
tier,low,unknown,False,two-way,2
tier,low,unknown,True,C,5
tier,low,unknown,True,IF,8
tier,low,unknown,True,OF,5
tier,low,unknown,True,P,27
tier,low,unknown,True,UT/DH,1
tier,mid,Fr,False,1B,17
tier,mid,Fr,False,C,99
tier,mid,Fr,False,IF,219
tier,mid,Fr,False,OF,129
tier,mid,Fr,False,P,447
tier,mid,Fr,False,UT/DH,23
tier,mid,Fr,False,two-way,64
tier,mid,Fr,False,unknown,5
tier,mid,Fr,True,1B,3
tier,mid,Fr,True,C,18
tier,mid,Fr,True,IF,24
tier,mid,Fr,True,OF,19
tier,mid,Fr,True,P,80
tier,mid,Fr,True,UT/DH,4
tier,mid,Fr,True,two-way,2
tier,mid,Fr,True,unknown,1
tier,mid,Gr,False,1B,4
tier,mid,Gr,False,C,13
tier,mid,Gr,False,IF,35
tier,mid,Gr,False,OF,29
tier,mid,Gr,False,P,112
tier,mid,Gr,False,UT/DH,4
tier,mid,Gr,False,two-way,3
tier,mid,Gr,False,unknown,1
tier,mid,Jr,False,1B,27
tier,mid,Jr,False,C,100
tier,mid,Jr,False,IF,203
tier,mid,Jr,False,OF,151
tier,mid,Jr,False,P,519
tier,mid,Jr,False,UT/DH,21
tier,mid,Jr,False,two-way,29
tier,mid,Jr,False,unknown,8
tier,mid,Jr,True,1B,4
tier,mid,Jr,True,C,19
tier,mid,Jr,True,IF,37
tier,mid,Jr,True,OF,24
tier,mid,Jr,True,P,142
tier,mid,Jr,True,UT/DH,4
tier,mid,Jr,True,two-way,5
tier,mid,So,False,1B,8
tier,mid,So,False,C,61
tier,mid,So,False,IF,141
tier,mid,So,False,OF,98
tier,mid,So,False,P,348
tier,mid,So,False,UT/DH,13
tier,mid,So,False,two-way,27
tier,mid,So,True,1B,2
tier,mid,So,True,C,24
tier,mid,So,True,IF,43
tier,mid,So,True,OF,34
tier,mid,So,True,P,107
tier,mid,So,True,two-way,4
tier,mid,So,True,unknown,1
tier,mid,Sr,False,1B,21
tier,mid,Sr,False,C,80
tier,mid,Sr,False,IF,133
tier,mid,Sr,False,OF,123
tier,mid,Sr,False,P,350
tier,mid,Sr,False,UT/DH,9
tier,mid,Sr,False,two-way,16
tier,mid,Sr,False,unknown,3
tier,mid,Sr,True,1B,4
tier,mid,Sr,True,C,15
tier,mid,Sr,True,IF,25
tier,mid,Sr,True,OF,27
tier,mid,Sr,True,P,69
tier,mid,Sr,True,UT/DH,5
tier,mid,Sr,True,unknown,1
tier,mid,unknown,False,1B,1
tier,mid,unknown,False,C,8
tier,mid,unknown,False,IF,15
tier,mid,unknown,False,OF,12
tier,mid,unknown,False,P,38
tier,mid,unknown,False,UT/DH,1
tier,mid,unknown,False,two-way,3
tier,mid,unknown,True,C,2
tier,mid,unknown,True,IF,2
tier,mid,unknown,True,P,2
tier,non_d1,Fr,False,C,1
tier,non_d1,Fr,False,IF,2
tier,non_d1,Fr,False,OF,2
tier,non_d1,Fr,False,P,4
tier,non_d1,Fr,False,two-way,3
tier,non_d1,Jr,False,1B,1
tier,non_d1,Jr,False,IF,1
tier,non_d1,Jr,False,OF,1
tier,non_d1,Jr,False,P,3
tier,non_d1,Jr,False,UT/DH,1
tier,non_d1,So,False,C,3
tier,non_d1,So,False,IF,2
tier,non_d1,So,False,OF,3
tier,non_d1,So,False,P,5
tier,non_d1,So,False,two-way,1
tier,non_d1,Sr,False,IF,3
tier,non_d1,Sr,False,OF,1
tier,non_d1,Sr,False,P,4
tier,non_d1,Sr,False,UT/DH,1
tier,non_d1,Sr,False,two-way,1
tier,p4,Fr,False,1B,5
tier,p4,Fr,False,C,42
tier,p4,Fr,False,IF,95
tier,p4,Fr,False,OF,66
tier,p4,Fr,False,P,263
tier,p4,Fr,False,UT/DH,6
tier,p4,Fr,False,two-way,31
tier,p4,Fr,False,unknown,10
tier,p4,Fr,True,1B,3
tier,p4,Fr,True,C,5
tier,p4,Fr,True,IF,11
tier,p4,Fr,True,OF,10
tier,p4,Fr,True,P,32
tier,p4,Fr,True,UT/DH,3
tier,p4,Fr,True,two-way,2
tier,p4,Fr,True,unknown,1
tier,p4,Gr,False,1B,1
tier,p4,Gr,False,C,9
tier,p4,Gr,False,IF,22
tier,p4,Gr,False,OF,15
tier,p4,Gr,False,P,52
tier,p4,Gr,False,unknown,2
tier,p4,Jr,False,1B,5
tier,p4,Jr,False,C,39
tier,p4,Jr,False,IF,99
tier,p4,Jr,False,OF,63
tier,p4,Jr,False,P,257
tier,p4,Jr,False,UT/DH,5
tier,p4,Jr,False,two-way,11
tier,p4,Jr,False,unknown,8
tier,p4,Jr,True,1B,1
tier,p4,Jr,True,C,9
tier,p4,Jr,True,IF,10
tier,p4,Jr,True,OF,7
tier,p4,Jr,True,P,50
tier,p4,Jr,True,UT/DH,3
tier,p4,So,False,1B,3
tier,p4,So,False,C,38
tier,p4,So,False,IF,79
tier,p4,So,False,OF,50
tier,p4,So,False,P,192
tier,p4,So,False,UT/DH,9
tier,p4,So,False,two-way,11
tier,p4,So,False,unknown,9
tier,p4,So,True,1B,1
tier,p4,So,True,C,1
tier,p4,So,True,IF,8
tier,p4,So,True,OF,8
tier,p4,So,True,P,31
tier,p4,So,True,two-way,1
tier,p4,So,True,unknown,1
tier,p4,Sr,False,1B,6
tier,p4,Sr,False,C,23
tier,p4,Sr,False,IF,60
tier,p4,Sr,False,OF,50
tier,p4,Sr,False,P,108
tier,p4,Sr,False,UT/DH,4
tier,p4,Sr,False,two-way,3
tier,p4,Sr,False,unknown,7
tier,p4,Sr,True,1B,2
tier,p4,Sr,True,C,4
tier,p4,Sr,True,IF,10
tier,p4,Sr,True,OF,7
tier,p4,Sr,True,P,34
tier,p4,Sr,True,UT/DH,1
tier,p4,Sr,True,two-way,1
tier,p4,unknown,True,IF,1
tier,p4,unknown,True,OF,1
tier,p4,unknown,True,P,3
