scope,scope_value,index,role,bin,bin_lo,bin_hi,throws,pitchers,bf_sum,index_mean,index_sd
all,all,k_minus_bb,starter,q1,,0.05587,L,18,1527,0.00213,0.05682
all,all,k_minus_bb,starter,q1,,0.05587,R,46,3273,-0.00403,0.06376
all,all,k_minus_bb,starter,q2,0.05587,0.09613,L,23,3114,0.07543,0.00973
all,all,k_minus_bb,starter,q2,0.05587,0.09613,R,40,4797,0.07797,0.01171
all,all,k_minus_bb,starter,q3,0.09613,0.148,L,17,2948,0.12754,0.01316
all,all,k_minus_bb,starter,q3,0.09613,0.148,R,46,6249,0.12139,0.01535
all,all,k_minus_bb,starter,q4,0.148,0.18977,L,18,2946,0.16646,0.01377
all,all,k_minus_bb,starter,q4,0.148,0.18977,R,45,6531,0.16715,0.01218
all,all,k_minus_bb,starter,q5,0.18977,,L,21,3938,0.24148,0.04635
all,all,k_minus_bb,starter,q5,0.18977,,R,43,6124,0.23344,0.03448
all,all,k_minus_bb,starter,lt30,,,L,79,1439,0.0091,0.18624
all,all,k_minus_bb,starter,lt30,,,R,250,4688,0.04095,0.14926
all,all,k_minus_bb,reliever,q1,,0.03242,L,37,2106,-0.02965,0.04608
all,all,k_minus_bb,reliever,q1,,0.03242,R,81,4925,-0.02732,0.04905
all,all,k_minus_bb,reliever,q2,0.03242,0.07996,L,43,3250,0.05759,0.0123
all,all,k_minus_bb,reliever,q2,0.03242,0.07996,R,75,6215,0.05597,0.01331
all,all,k_minus_bb,reliever,q3,0.07996,0.1237,L,32,2344,0.10253,0.01267
all,all,k_minus_bb,reliever,q3,0.07996,0.1237,R,86,9019,0.10259,0.01365
all,all,k_minus_bb,reliever,q4,0.1237,0.17594,L,28,2654,0.1487,0.01466
all,all,k_minus_bb,reliever,q4,0.1237,0.17594,R,90,9170,0.14682,0.01448
all,all,k_minus_bb,reliever,q5,0.17594,,L,28,2769,0.23692,0.07139
all,all,k_minus_bb,reliever,q5,0.17594,,R,91,8930,0.22405,0.04734
all,all,k_minus_bb,reliever,lt30,,,L,355,4280,-0.00333,0.23938
all,all,k_minus_bb,reliever,lt30,,,R,1065,12042,0.01045,0.24205
tier,low,k_minus_bb,starter,q1,,0.05587,L,3,115,,
tier,low,k_minus_bb,starter,q1,,0.05587,R,8,346,0.01004,0.06678
tier,low,k_minus_bb,starter,q2,0.05587,0.09613,L,0,0,,
tier,low,k_minus_bb,starter,q2,0.05587,0.09613,R,2,76,,
tier,low,k_minus_bb,starter,q3,0.09613,0.148,L,0,0,,
tier,low,k_minus_bb,starter,q3,0.09613,0.148,R,3,117,,
tier,low,k_minus_bb,starter,q4,0.148,0.18977,L,0,0,,
tier,low,k_minus_bb,starter,q4,0.148,0.18977,R,4,150,,
tier,low,k_minus_bb,starter,q5,0.18977,,L,1,39,,
tier,low,k_minus_bb,starter,q5,0.18977,,R,2,62,,
tier,low,k_minus_bb,starter,lt30,,,L,23,422,-0.04788,0.21348
tier,low,k_minus_bb,starter,lt30,,,R,86,1569,0.00419,0.15653
tier,low,k_minus_bb,reliever,q1,,0.03242,L,1,40,,
tier,low,k_minus_bb,reliever,q1,,0.03242,R,5,180,-0.05457,0.07431
tier,low,k_minus_bb,reliever,q2,0.03242,0.07996,L,0,0,,
tier,low,k_minus_bb,reliever,q2,0.03242,0.07996,R,3,135,,
tier,low,k_minus_bb,reliever,q3,0.07996,0.1237,L,0,0,,
tier,low,k_minus_bb,reliever,q3,0.07996,0.1237,R,0,0,,
tier,low,k_minus_bb,reliever,q4,0.1237,0.17594,L,0,0,,
tier,low,k_minus_bb,reliever,q4,0.1237,0.17594,R,1,30,,
tier,low,k_minus_bb,reliever,q5,0.17594,,L,1,31,,
tier,low,k_minus_bb,reliever,q5,0.17594,,R,3,97,,
tier,low,k_minus_bb,reliever,lt30,,,L,66,702,0.01092,0.26606
tier,low,k_minus_bb,reliever,lt30,,,R,265,2530,-0.02186,0.24407
tier,mid,k_minus_bb,starter,q1,,0.05587,L,11,1043,0.01516,0.03674
tier,mid,k_minus_bb,starter,q1,,0.05587,R,24,1467,-0.01045,0.06218
tier,mid,k_minus_bb,starter,q2,0.05587,0.09613,L,9,1127,0.07228,0.00681
tier,mid,k_minus_bb,starter,q2,0.05587,0.09613,R,24,2455,0.07577,0.01217
tier,mid,k_minus_bb,starter,q3,0.09613,0.148,L,5,267,0.13041,0.01422
tier,mid,k_minus_bb,starter,q3,0.09613,0.148,R,19,2230,0.11798,0.01495
tier,mid,k_minus_bb,starter,q4,0.148,0.18977,L,5,318,0.16855,0.0139
tier,mid,k_minus_bb,starter,q4,0.148,0.18977,R,17,1758,0.1691,0.01264
tier,mid,k_minus_bb,starter,q5,0.18977,,L,5,255,0.24555,0.0444
tier,mid,k_minus_bb,starter,q5,0.18977,,R,17,1727,0.24173,0.03642
tier,mid,k_minus_bb,starter,lt30,,,L,49,889,0.02165,0.17261
tier,mid,k_minus_bb,starter,lt30,,,R,145,2744,0.05818,0.14482
tier,mid,k_minus_bb,reliever,q1,,0.03242,L,10,719,-0.02252,0.04105
tier,mid,k_minus_bb,reliever,q1,,0.03242,R,39,2336,-0.02789,0.05099
tier,mid,k_minus_bb,reliever,q2,0.03242,0.07996,L,16,1090,0.06051,0.01306
tier,mid,k_minus_bb,reliever,q2,0.03242,0.07996,R,31,2640,0.05813,0.01413
tier,mid,k_minus_bb,reliever,q3,0.07996,0.1237,L,12,732,0.09741,0.01122
tier,mid,k_minus_bb,reliever,q3,0.07996,0.1237,R,23,1958,0.10306,0.0137
tier,mid,k_minus_bb,reliever,q4,0.1237,0.17594,L,8,564,0.14851,0.0117
tier,mid,k_minus_bb,reliever,q4,0.1237,0.17594,R,27,2076,0.14596,0.01561
tier,mid,k_minus_bb,reliever,q5,0.17594,,L,5,180,0.25462,0.05863
tier,mid,k_minus_bb,reliever,q5,0.17594,,R,20,1205,0.24072,0.05351
tier,mid,k_minus_bb,reliever,lt30,,,L,205,2403,-0.00726,0.23601
tier,mid,k_minus_bb,reliever,lt30,,,R,620,7057,0.02269,0.23779
tier,non_d1,k_minus_bb,starter,q1,,0.05587,L,0,0,,
tier,non_d1,k_minus_bb,starter,q1,,0.05587,R,0,0,,
tier,non_d1,k_minus_bb,starter,q2,0.05587,0.09613,L,0,0,,
tier,non_d1,k_minus_bb,starter,q2,0.05587,0.09613,R,0,0,,
tier,non_d1,k_minus_bb,starter,q3,0.09613,0.148,L,0,0,,
tier,non_d1,k_minus_bb,starter,q3,0.09613,0.148,R,0,0,,
tier,non_d1,k_minus_bb,starter,q4,0.148,0.18977,L,0,0,,
tier,non_d1,k_minus_bb,starter,q4,0.148,0.18977,R,0,0,,
tier,non_d1,k_minus_bb,starter,q5,0.18977,,L,0,0,,
tier,non_d1,k_minus_bb,starter,q5,0.18977,,R,0,0,,
tier,non_d1,k_minus_bb,starter,lt30,,,L,1,9,,
tier,non_d1,k_minus_bb,starter,lt30,,,R,0,0,,
tier,non_d1,k_minus_bb,reliever,q1,,0.03242,L,0,0,,
tier,non_d1,k_minus_bb,reliever,q1,,0.03242,R,0,0,,
tier,non_d1,k_minus_bb,reliever,q2,0.03242,0.07996,L,0,0,,
tier,non_d1,k_minus_bb,reliever,q2,0.03242,0.07996,R,0,0,,
tier,non_d1,k_minus_bb,reliever,q3,0.07996,0.1237,L,0,0,,
tier,non_d1,k_minus_bb,reliever,q3,0.07996,0.1237,R,0,0,,
tier,non_d1,k_minus_bb,reliever,q4,0.1237,0.17594,L,0,0,,
tier,non_d1,k_minus_bb,reliever,q4,0.1237,0.17594,R,0,0,,
tier,non_d1,k_minus_bb,reliever,q5,0.17594,,L,0,0,,
tier,non_d1,k_minus_bb,reliever,q5,0.17594,,R,0,0,,
tier,non_d1,k_minus_bb,reliever,lt30,,,L,1,3,,
tier,non_d1,k_minus_bb,reliever,lt30,,,R,3,19,,
tier,p4,k_minus_bb,starter,q1,,0.05587,L,4,369,,
tier,p4,k_minus_bb,starter,q1,,0.05587,R,14,1460,-0.00107,0.06799
tier,p4,k_minus_bb,starter,q2,0.05587,0.09613,L,14,1987,0.07746,0.01097
tier,p4,k_minus_bb,starter,q2,0.05587,0.09613,R,14,2266,0.08243,0.0093
tier,p4,k_minus_bb,starter,q3,0.09613,0.148,L,12,2681,0.12634,0.01315
tier,p4,k_minus_bb,starter,q3,0.09613,0.148,R,24,3902,0.12446,0.01606
tier,p4,k_minus_bb,starter,q4,0.148,0.18977,L,13,2628,0.16566,0.0142
tier,p4,k_minus_bb,starter,q4,0.148,0.18977,R,24,4623,0.16608,0.01262
tier,p4,k_minus_bb,starter,q5,0.18977,,L,15,3644,0.2395,0.04989
tier,p4,k_minus_bb,starter,q5,0.18977,,R,24,4335,0.22725,0.034
tier,p4,k_minus_bb,starter,lt30,,,L,6,119,0.12139,0.15105
tier,p4,k_minus_bb,starter,lt30,,,R,19,375,0.07589,0.12059
tier,p4,k_minus_bb,reliever,q1,,0.03242,L,26,1347,-0.03157,0.04908
tier,p4,k_minus_bb,reliever,q1,,0.03242,R,37,2409,-0.02303,0.0432
tier,p4,k_minus_bb,reliever,q2,0.03242,0.07996,L,27,2160,0.05585,0.01172
tier,p4,k_minus_bb,reliever,q2,0.03242,0.07996,R,41,3440,0.05474,0.01279
tier,p4,k_minus_bb,reliever,q3,0.07996,0.1237,L,20,1612,0.1056,0.01275
tier,p4,k_minus_bb,reliever,q3,0.07996,0.1237,R,63,7061,0.10241,0.01374
tier,p4,k_minus_bb,reliever,q4,0.1237,0.17594,L,20,2090,0.14878,0.01597
tier,p4,k_minus_bb,reliever,q4,0.1237,0.17594,R,62,7064,0.14682,0.01386
tier,p4,k_minus_bb,reliever,q5,0.17594,,L,22,2558,0.23498,0.07563
tier,p4,k_minus_bb,reliever,q5,0.17594,,R,68,7628,0.22026,0.0454
tier,p4,k_minus_bb,reliever,lt30,,,L,83,1172,-0.00943,0.22536
tier,p4,k_minus_bb,reliever,lt30,,,R,177,2436,0.00976,0.24514
all,all,run_value,starter,q1,,0.07434,L,21,3261,0.04549,0.03588
all,all,run_value,starter,q1,,0.07434,R,43,4699,0.04427,0.02294
all,all,run_value,starter,q2,0.07434,0.10378,L,14,2377,0.08958,0.00964
all,all,run_value,starter,q2,0.07434,0.10378,R,49,8155,0.09111,0.00904
all,all,run_value,starter,q3,0.10378,0.12949,L,23,4692,0.11723,0.00879
all,all,run_value,starter,q3,0.10378,0.12949,R,40,5764,0.11621,0.0078
all,all,run_value,starter,q4,0.12949,0.17224,L,20,2808,0.15179,0.01266
all,all,run_value,starter,q4,0.12949,0.17224,R,43,5334,0.14764,0.01369
all,all,run_value,starter,q5,0.17224,,L,19,1335,0.21217,0.04305
all,all,run_value,starter,q5,0.17224,,R,45,3022,0.22684,0.05197
all,all,run_value,starter,lt30,,,L,79,1439,0.2036,0.14592
all,all,run_value,starter,lt30,,,R,250,4688,0.19504,0.13401
all,all,run_value,reliever,q1,,0.07755,L,34,2455,0.04065,0.03071
all,all,run_value,reliever,q1,,0.07755,R,84,7410,0.0484,0.02346
all,all,run_value,reliever,q2,0.07755,0.11219,L,37,3617,0.09509,0.00957
all,all,run_value,reliever,q2,0.07755,0.11219,R,81,8950,0.09403,0.01016
all,all,run_value,reliever,q3,0.11219,0.14163,L,30,2470,0.12604,0.00913
all,all,run_value,reliever,q3,0.11219,0.14163,R,88,9212,0.12655,0.00819
all,all,run_value,reliever,q4,0.14163,0.18116,L,27,2068,0.16208,0.01163
all,all,run_value,reliever,q4,0.14163,0.18116,R,91,8039,0.15924,0.01153
all,all,run_value,reliever,q5,0.18116,,L,40,2513,0.22331,0.03397
all,all,run_value,reliever,q5,0.18116,,R,79,4648,0.23245,0.04628
all,all,run_value,reliever,lt30,,,L,355,4280,0.19561,0.17023
all,all,run_value,reliever,lt30,,,R,1065,12042,0.18772,0.20006
tier,low,run_value,starter,q1,,0.07434,L,0,0,,
tier,low,run_value,starter,q1,,0.07434,R,4,134,,
tier,low,run_value,starter,q2,0.07434,0.10378,L,0,0,,
tier,low,run_value,starter,q2,0.07434,0.10378,R,1,31,,
tier,low,run_value,starter,q3,0.10378,0.12949,L,0,0,,
tier,low,run_value,starter,q3,0.10378,0.12949,R,5,179,0.11761,0.00711
tier,low,run_value,starter,q4,0.12949,0.17224,L,0,0,,
tier,low,run_value,starter,q4,0.12949,0.17224,R,3,141,,
tier,low,run_value,starter,q5,0.17224,,L,4,154,,
tier,low,run_value,starter,q5,0.17224,,R,6,266,0.23136,0.06024
tier,low,run_value,starter,lt30,,,L,23,422,0.22581,0.14555
tier,low,run_value,starter,lt30,,,R,86,1569,0.20801,0.13294
tier,low,run_value,reliever,q1,,0.07755,L,0,0,,
tier,low,run_value,reliever,q1,,0.07755,R,2,72,,
tier,low,run_value,reliever,q2,0.07755,0.11219,L,0,0,,
tier,low,run_value,reliever,q2,0.07755,0.11219,R,2,75,,
tier,low,run_value,reliever,q3,0.11219,0.14163,L,0,0,,
tier,low,run_value,reliever,q3,0.11219,0.14163,R,3,123,,
tier,low,run_value,reliever,q4,0.14163,0.18116,L,0,0,,
tier,low,run_value,reliever,q4,0.14163,0.18116,R,2,63,,
tier,low,run_value,reliever,q5,0.18116,,L,2,71,,
tier,low,run_value,reliever,q5,0.18116,,R,3,109,,
tier,low,run_value,reliever,lt30,,,L,66,702,0.19549,0.18841
tier,low,run_value,reliever,lt30,,,R,265,2530,0.18621,0.20262
tier,mid,run_value,starter,q1,,0.07434,L,7,386,0.04417,0.04421
tier,mid,run_value,starter,q1,,0.07434,R,21,1244,0.04392,0.01988
tier,mid,run_value,starter,q2,0.07434,0.10378,L,4,202,,
tier,mid,run_value,starter,q2,0.07434,0.10378,R,16,1632,0.08997,0.01024
tier,mid,run_value,starter,q3,0.10378,0.12949,L,3,344,,
tier,mid,run_value,starter,q3,0.10378,0.12949,R,17,2256,0.11686,0.00821
tier,mid,run_value,starter,q4,0.12949,0.17224,L,9,1219,0.15293,0.01098
tier,mid,run_value,starter,q4,0.12949,0.17224,R,26,3219,0.14751,0.01374
tier,mid,run_value,starter,q5,0.17224,,L,12,859,0.20543,0.02312
tier,mid,run_value,starter,q5,0.17224,,R,21,1286,0.22588,0.06038
tier,mid,run_value,starter,lt30,,,L,49,889,0.19742,0.14557
tier,mid,run_value,starter,lt30,,,R,145,2744,0.19026,0.13818
tier,mid,run_value,reliever,q1,,0.07755,L,13,599,0.02922,0.03379
tier,mid,run_value,reliever,q1,,0.07755,R,23,1220,0.0419,0.0228
tier,mid,run_value,reliever,q2,0.07755,0.11219,L,9,414,0.0963,0.01192
tier,mid,run_value,reliever,q2,0.07755,0.11219,R,22,1951,0.09565,0.00985
tier,mid,run_value,reliever,q3,0.11219,0.14163,L,7,631,0.12257,0.00941
tier,mid,run_value,reliever,q3,0.11219,0.14163,R,23,1761,0.12372,0.00761
tier,mid,run_value,reliever,q4,0.14163,0.18116,L,7,575,0.16487,0.01056
tier,mid,run_value,reliever,q4,0.14163,0.18116,R,28,2467,0.16083,0.01223
tier,mid,run_value,reliever,q5,0.18116,,L,15,1066,0.231,0.03516
tier,mid,run_value,reliever,q5,0.18116,,R,44,2816,0.23015,0.04271
tier,mid,run_value,reliever,lt30,,,L,205,2403,0.19991,0.16377
tier,mid,run_value,reliever,lt30,,,R,620,7057,0.18809,0.20482
tier,non_d1,run_value,starter,q1,,0.07434,L,0,0,,
tier,non_d1,run_value,starter,q1,,0.07434,R,0,0,,
tier,non_d1,run_value,starter,q2,0.07434,0.10378,L,0,0,,
tier,non_d1,run_value,starter,q2,0.07434,0.10378,R,0,0,,
tier,non_d1,run_value,starter,q3,0.10378,0.12949,L,0,0,,
tier,non_d1,run_value,starter,q3,0.10378,0.12949,R,0,0,,
tier,non_d1,run_value,starter,q4,0.12949,0.17224,L,0,0,,
tier,non_d1,run_value,starter,q4,0.12949,0.17224,R,0,0,,
tier,non_d1,run_value,starter,q5,0.17224,,L,0,0,,
tier,non_d1,run_value,starter,q5,0.17224,,R,0,0,,
tier,non_d1,run_value,starter,lt30,,,L,1,9,,
tier,non_d1,run_value,starter,lt30,,,R,0,0,,
tier,non_d1,run_value,reliever,q1,,0.07755,L,0,0,,
tier,non_d1,run_value,reliever,q1,,0.07755,R,0,0,,
tier,non_d1,run_value,reliever,q2,0.07755,0.11219,L,0,0,,
tier,non_d1,run_value,reliever,q2,0.07755,0.11219,R,0,0,,
tier,non_d1,run_value,reliever,q3,0.11219,0.14163,L,0,0,,
tier,non_d1,run_value,reliever,q3,0.11219,0.14163,R,0,0,,
tier,non_d1,run_value,reliever,q4,0.14163,0.18116,L,0,0,,
tier,non_d1,run_value,reliever,q4,0.14163,0.18116,R,0,0,,
tier,non_d1,run_value,reliever,q5,0.18116,,L,0,0,,
tier,non_d1,run_value,reliever,q5,0.18116,,R,0,0,,
tier,non_d1,run_value,reliever,lt30,,,L,1,3,,
tier,non_d1,run_value,reliever,lt30,,,R,3,19,,
tier,p4,run_value,starter,q1,,0.07434,L,14,2875,0.04615,0.03282
tier,p4,run_value,starter,q1,,0.07434,R,18,3321,0.04771,0.01804
tier,p4,run_value,starter,q2,0.07434,0.10378,L,10,2175,0.09021,0.00975
tier,p4,run_value,starter,q2,0.07434,0.10378,R,32,6492,0.09143,0.00855
tier,p4,run_value,starter,q3,0.10378,0.12949,L,20,4348,0.118,0.00883
tier,p4,run_value,starter,q3,0.10378,0.12949,R,18,3329,0.11521,0.00789
tier,p4,run_value,starter,q4,0.12949,0.17224,L,11,1589,0.15085,0.01436
tier,p4,run_value,starter,q4,0.12949,0.17224,R,14,1974,0.14785,0.01437
tier,p4,run_value,starter,q5,0.17224,,L,3,322,,
tier,p4,run_value,starter,q5,0.17224,,R,18,1470,0.22645,0.04032
tier,p4,run_value,starter,lt30,,,L,6,119,0.15113,0.16522
tier,p4,run_value,starter,lt30,,,R,19,375,0.17285,0.1035
tier,p4,run_value,reliever,q1,,0.07755,L,21,1856,0.04772,0.02708
tier,p4,run_value,reliever,q1,,0.07755,R,59,6118,0.05066,0.02379
tier,p4,run_value,reliever,q2,0.07755,0.11219,L,28,3203,0.0947,0.00892
tier,p4,run_value,reliever,q2,0.07755,0.11219,R,57,6924,0.09325,0.01031
tier,p4,run_value,reliever,q3,0.11219,0.14163,L,23,1839,0.12709,0.00899
tier,p4,run_value,reliever,q3,0.11219,0.14163,R,62,7328,0.12733,0.00812
tier,p4,run_value,reliever,q4,0.14163,0.18116,L,20,1493,0.16111,0.01208
tier,p4,run_value,reliever,q4,0.14163,0.18116,R,61,5509,0.15858,0.01138
tier,p4,run_value,reliever,q5,0.18116,,L,23,1376,0.22063,0.03383
tier,p4,run_value,reliever,q5,0.18116,,R,32,1723,0.23193,0.04988
tier,p4,run_value,reliever,lt30,,,L,83,1172,0.18998,0.16778
tier,p4,run_value,reliever,lt30,,,R,177,2436,0.18994,0.17836
