side,rate,listed_hand,min_pa_each_hand,players,mean_trials_vs_L,mean_trials_vs_R,pooled_rate_vs_L,pooled_rate_vs_R,mean_split,obs_var,obs_var_se,mean_noise_var_delta,mean_noise_var,true_sd,null_obs_var,true_sd_net
batter,K,all,50,74,59.31081,114.33784,0.18934,0.17409,0.07061,0.25265,0.04182,0.18927,0.19606,0.23789,0.20648,0.21487
batter,K,L,50,38,60.34211,114.31579,0.19843,0.16667,0.21109,0.20583,0.04786,0.1887,0.19555,0.10139,0.21776,0.0
batter,K,R,50,33,57.90909,114.15152,0.17896,0.18795,-0.13461,0.24044,0.06011,0.18734,0.19373,0.21613,0.19053,0.22341
batter,K,S,50,3,,,,,,,,,,,,
batter,BB,all,50,74,59.31081,114.33784,0.11802,0.12256,-0.04791,0.24042,0.0398,0.2646,0.28179,0.0,0.30336,0.0
batter,BB,L,50,38,60.34211,114.31579,0.11382,0.13122,-0.17749,0.20047,0.04661,0.25507,0.27104,0.0,0.31096,0.0
batter,BB,R,50,33,57.90909,114.15152,0.12402,0.10884,0.134,0.24226,0.06056,0.28118,0.30064,0.0,0.29838,0.0
batter,BB,S,50,3,,,,,,,,,,,,
batter,HR,all,50,74,59.31081,114.33784,0.04124,0.04066,0.05654,0.90205,0.14931,0.97423,0.68479,0.46611,0.69324,0.45696
batter,HR,L,50,38,60.34211,114.31579,0.03314,0.0465,-0.3042,0.64962,0.15103,0.84842,0.68667,0.0,0.71383,0.0
batter,HR,R,50,33,57.90909,114.15152,0.04971,0.03504,0.45274,0.91514,0.22878,1.12139,0.67993,0.48499,0.66947,0.49565
batter,HR,S,50,3,,,,,,,,,,,,
batter,OB,all,50,74,59.31081,114.33784,0.3969,0.41733,-0.07838,0.12846,0.02126,0.1092,0.1094,0.13804,0.12327,0.07203
batter,OB,L,50,38,60.34211,114.31579,0.38683,0.43025,-0.17765,0.11473,0.02667,0.10705,0.10721,0.08668,0.11801,0.0
batter,OB,R,50,33,57.90909,114.15152,0.41183,0.40271,0.04492,0.12107,0.03027,0.11213,0.11237,0.09327,0.12792,0.0
batter,OB,S,50,3,,,,,,,,,,,,
batter,BABIP,all,50,74,35.72973,70.59459,0.33548,0.36045,-0.09151,0.21768,0.03603,0.19749,0.19923,0.13581,0.22772,0.0
batter,BABIP,L,50,38,36.21053,70.21053,0.33067,0.36094,-0.11513,0.20697,0.04812,0.19671,0.19849,0.09206,0.22066,0.0
batter,BABIP,R,50,33,34.84848,70.36364,0.34261,0.36348,-0.07359,0.22089,0.05522,0.19984,0.20157,0.139,0.24162,0.0
batter,BABIP,S,50,3,,,,,,,,,,,,
pitcher,K,all,50,134,75.72388,98.59701,0.22253,0.24894,-0.14016,0.26326,0.03228,0.14989,0.15261,0.33264,0.15578,0.32785
pitcher,K,L,50,36,71.0,121.27778,0.24335,0.25928,-0.05392,0.34603,0.08272,0.14178,0.14451,0.44891,0.14855,0.44439
pitcher,K,R,50,98,77.45918,90.26531,0.21552,0.24384,-0.17184,0.23234,0.03336,0.15288,0.15559,0.27704,0.15833,0.27204
pitcher,BB,all,50,134,75.72388,98.59701,0.10299,0.08576,0.19596,0.44924,0.05509,0.32678,0.35206,0.31174,0.34465,0.3234
pitcher,BB,L,50,36,71.0,121.27778,0.09077,0.08864,-0.04497,0.50559,0.12086,0.31862,0.34394,0.40205,0.3553,0.38767
pitcher,BB,R,50,98,77.45918,90.26531,0.1071,0.08433,0.28446,0.40408,0.05802,0.32978,0.35504,0.22145,0.34197,0.24922
pitcher,HR,all,50,134,75.72388,98.59701,0.02799,0.02528,0.15144,1.01449,0.1244,1.3326,0.827,0.43299,0.86152,0.39111
pitcher,HR,L,50,36,71.0,121.27778,0.02191,0.03115,-0.32094,0.9799,0.23424,0.99296,0.81345,0.40798,0.86809,0.33438
pitcher,HR,R,50,98,77.45918,90.26531,0.03004,0.02238,0.32497,0.92419,0.13271,1.45737,0.83198,0.30365,0.8531,0.26662
pitcher,OB,all,50,134,75.72388,98.59701,0.35301,0.33507,0.0827,0.13723,0.01683,0.11432,0.11478,0.14981,0.11831,0.13754
pitcher,OB,L,50,36,71.0,121.27778,0.32942,0.32959,-0.03963,0.12562,0.03003,0.10922,0.10967,0.12631,0.11053,0.12285
pitcher,OB,R,50,98,77.45918,90.26531,0.36095,0.33778,0.12764,0.13523,0.01942,0.1162,0.11666,0.13628,0.12107,0.11902
pitcher,BABIP,all,50,134,46.00746,59.27612,0.31955,0.33073,-0.05506,0.19861,0.02436,0.20009,0.20235,0.0,0.20393,0.0
pitcher,BABIP,L,50,36,42.52778,71.30556,0.30438,0.32217,-0.11001,0.20293,0.04851,0.19073,0.19261,0.10159,0.19756,0.07331
pitcher,BABIP,R,50,98,47.28571,54.85714,0.32456,0.33482,-0.03488,0.19757,0.02837,0.20354,0.20593,0.0,0.20555,0.0
