scope,scope_value,cur_throws,batter_bats,inning_bucket,pas,changes,changes_to_L,changes_to_R,changes_to_unknown
all,all,L,L,1-6,5559,239,60,172,7
all,all,L,L,7+,2073,223,51,164,8
all,all,L,R,1-6,9178,691,75,595,21
all,all,L,R,7+,3213,633,52,558,23
all,all,L,S,1-6,737,42,4,37,1
all,all,L,S,7+,235,30,6,23,1
all,all,L,unknown,1-6,8948,548,78,459,11
all,all,L,unknown,7+,2762,521,62,438,21
all,all,R,L,1-6,14186,969,469,477,23
all,all,R,L,7+,6737,954,365,558,31
all,all,R,R,1-6,18501,1072,236,796,40
all,all,R,R,7+,8698,1084,214,827,43
all,all,R,S,1-6,1588,108,43,62,3
all,all,R,S,7+,845,93,28,63,2
all,all,R,unknown,1-6,19715,1227,432,752,43
all,all,R,unknown,7+,9427,1282,355,882,45
all,all,unknown,L,1-6,10664,641,19,22,600
all,all,unknown,L,7+,4532,627,20,24,583
all,all,unknown,R,1-6,16385,980,10,59,911
all,all,unknown,R,7+,7198,999,11,40,948
all,all,unknown,S,1-6,1221,82,2,7,73
all,all,unknown,S,7+,530,57,0,3,54
all,all,unknown,unknown,1-6,14435,866,12,49,805
all,all,unknown,unknown,7+,6242,813,11,35,767
tier,low,L,L,1-6,183,6,2,4,0
tier,low,L,L,7+,52,7,1,6,0
tier,low,L,R,1-6,341,41,1,36,4
tier,low,L,R,7+,90,16,1,12,3
tier,low,L,S,1-6,36,4,1,3,0
tier,low,L,S,7+,9,1,0,1,0
tier,low,L,unknown,1-6,472,30,1,28,1
tier,low,L,unknown,7+,138,17,4,13,0
tier,low,R,L,1-6,870,81,28,47,6
tier,low,R,L,7+,252,31,6,23,2
tier,low,R,R,1-6,1302,84,20,61,3
tier,low,R,R,7+,365,50,8,40,2
tier,low,R,S,1-6,152,11,2,9,0
tier,low,R,S,7+,47,4,0,4,0
tier,low,R,unknown,1-6,1595,96,23,72,1
tier,low,R,unknown,7+,578,78,16,61,1
tier,low,unknown,L,1-6,1070,72,0,1,71
tier,low,unknown,L,7+,378,56,1,4,51
tier,low,unknown,R,1-6,1922,139,3,4,132
tier,low,unknown,R,7+,746,87,0,3,84
tier,low,unknown,S,1-6,126,11,0,1,10
tier,low,unknown,S,7+,43,7,0,0,7
tier,low,unknown,unknown,1-6,1856,129,1,3,125
tier,low,unknown,unknown,7+,676,80,0,1,79
tier,mid,L,L,1-6,1473,78,17,59,2
tier,mid,L,L,7+,625,56,11,45,0
tier,mid,L,R,1-6,2263,192,34,153,5
tier,mid,L,R,7+,939,170,17,150,3
tier,mid,L,S,1-6,177,13,1,12,0
tier,mid,L,S,7+,64,6,1,5,0
tier,mid,L,unknown,1-6,2911,185,18,163,4
tier,mid,L,unknown,7+,944,184,13,165,6
tier,mid,R,L,1-6,4849,317,141,169,7
tier,mid,R,L,7+,2089,286,111,166,9
tier,mid,R,R,1-6,6197,363,64,279,20
tier,mid,R,R,7+,2601,324,59,254,11
tier,mid,R,S,1-6,471,34,13,20,1
tier,mid,R,S,7+,216,32,9,22,1
tier,mid,R,unknown,1-6,8550,528,160,345,23
tier,mid,R,unknown,7+,3913,525,135,370,20
tier,mid,unknown,L,1-6,3536,211,9,10,192
tier,mid,unknown,L,7+,1468,203,4,5,194
tier,mid,unknown,R,1-6,5376,316,4,15,297
tier,mid,unknown,R,7+,2368,312,3,14,295
tier,mid,unknown,S,1-6,339,24,0,2,22
tier,mid,unknown,S,7+,136,14,0,1,13
tier,mid,unknown,unknown,1-6,6616,372,4,26,342
tier,mid,unknown,unknown,7+,2799,344,5,15,324
tier,non_d1,L,L,1-6,0,0,0,0,0
tier,non_d1,L,L,7+,0,0,0,0,0
tier,non_d1,L,R,1-6,0,0,0,0,0
tier,non_d1,L,R,7+,0,0,0,0,0
tier,non_d1,L,S,1-6,0,0,0,0,0
tier,non_d1,L,S,7+,0,0,0,0,0
tier,non_d1,L,unknown,1-6,12,2,0,1,1
tier,non_d1,L,unknown,7+,0,0,0,0,0
tier,non_d1,R,L,1-6,0,0,0,0,0
tier,non_d1,R,L,7+,0,0,0,0,0
tier,non_d1,R,R,1-6,0,0,0,0,0
tier,non_d1,R,R,7+,0,0,0,0,0
tier,non_d1,R,S,1-6,0,0,0,0,0
tier,non_d1,R,S,7+,0,0,0,0,0
tier,non_d1,R,unknown,1-6,14,1,1,0,0
tier,non_d1,R,unknown,7+,4,1,0,1,0
tier,non_d1,unknown,L,1-6,56,5,0,0,5
tier,non_d1,unknown,L,7+,21,4,0,0,4
tier,non_d1,unknown,R,1-6,52,10,0,0,10
tier,non_d1,unknown,R,7+,25,6,0,0,6
tier,non_d1,unknown,S,1-6,6,0,0,0,0
tier,non_d1,unknown,S,7+,4,0,0,0,0
tier,non_d1,unknown,unknown,1-6,56,10,0,0,10
tier,non_d1,unknown,unknown,7+,43,11,0,1,10
tier,p4,L,L,1-6,3903,155,41,109,5
tier,p4,L,L,7+,1396,160,39,113,8
tier,p4,L,R,1-6,6574,458,40,406,12
tier,p4,L,R,7+,2184,447,34,396,17
tier,p4,L,S,1-6,524,25,2,22,1
tier,p4,L,S,7+,162,23,5,17,1
tier,p4,L,unknown,1-6,5553,331,59,267,5
tier,p4,L,unknown,7+,1680,320,45,260,15
tier,p4,R,L,1-6,8467,571,300,261,10
tier,p4,R,L,7+,4396,637,248,369,20
tier,p4,R,R,1-6,11002,625,152,456,17
tier,p4,R,R,7+,5732,710,147,533,30
tier,p4,R,S,1-6,965,63,28,33,2
tier,p4,R,S,7+,582,57,19,37,1
tier,p4,R,unknown,1-6,9556,602,248,335,19
tier,p4,R,unknown,7+,4932,678,204,450,24
tier,p4,unknown,L,1-6,6002,353,10,11,332
tier,p4,unknown,L,7+,2665,364,15,15,334
tier,p4,unknown,R,1-6,9035,515,3,40,472
tier,p4,unknown,R,7+,4059,594,8,23,563
tier,p4,unknown,S,1-6,750,47,2,4,41
tier,p4,unknown,S,7+,347,36,0,2,34
tier,p4,unknown,unknown,1-6,5907,355,7,20,328
tier,p4,unknown,unknown,7+,2724,378,6,18,354
