year,conference,picks
2021,ACC,70
2021,ASUN,2
2021,America East,3
2021,Atlantic 10,5
2021,Big 12,45
2021,Big East,9
2021,Big South,4
2021,Big Ten,49
2021,Big West,17
2021,CAA,9
2021,CUSA,15
2021,DI Independent,4
2021,Horizon,3
2021,Ivy League,4
2021,MAAC,4
2021,MAC,9
2021,MVC,5
2021,Mountain West,15
2021,OVC,2
2021,Patriot,3
2021,SEC,77
2021,SWAC,1
2021,SoCon,6
2021,Southland,3
2021,Summit League,1
2021,Sun Belt,20
2021,The American,15
2021,WAC,7
2021,WCC,13
2022,ACC,71
2022,ASUN,6
2022,Atlantic 10,6
2022,Big 12,46
2022,Big East,11
2022,Big Ten,39
2022,Big West,19
2022,CAA,11
2022,CUSA,13
2022,DI Independent,8
2022,Horizon,3
2022,Ivy League,2
2022,MAC,10
2022,MVC,6
2022,Mountain West,4
2022,NEC,2
2022,OVC,3
2022,Patriot,2
2022,SEC,101
2022,SWAC,2
2022,SoCon,8
2022,Southland,2
2022,Summit League,2
2022,Sun Belt,18
2022,The American,13
2022,WAC,10
2022,WCC,16
2023,ACC,64
2023,ASUN,8
2023,America East,3
2023,Atlantic 10,5
2023,Big 12,35
2023,Big East,5
2023,Big South,1
2023,Big Ten,49
2023,Big West,16
2023,CAA,13
2023,CUSA,17
2023,DI Independent,4
2023,Horizon,2
2023,Ivy League,5
2023,MAAC,3
2023,MAC,9
2023,MVC,10
2023,Mountain West,14
2023,NEC,1
2023,OVC,6
2023,SEC,86
2023,SWAC,1
2023,SoCon,6
2023,Southland,5
2023,Summit League,6
2023,Sun Belt,20
2023,The American,15
2023,WAC,10
2023,WCC,9
2024,ACC,64
2024,ASUN,8
2024,America East,3
2024,Atlantic 10,12
2024,Big 12,50
2024,Big East,5
2024,Big South,9
2024,Big Ten,36
2024,Big West,23
2024,CAA,12
2024,CUSA,13
2024,DI Independent,7
2024,Horizon,4
2024,Ivy League,3
2024,MAAC,3
2024,MAC,4
2024,MVC,11
2024,Mountain West,6
2024,Patriot,4
2024,SEC,98
2024,SWAC,1
2024,SoCon,7
2024,Southland,4
2024,Summit League,4
2024,Sun Belt,19
2024,The American,14
2024,WAC,5
2024,WCC,16
2025,ACC,61
2025,ASUN,9
2025,America East,3
2025,Atlantic 10,6
2025,Big 12,54
2025,Big East,6
2025,Big South,1
2025,Big Ten,33
2025,Big West,15
2025,CAA,15
2025,CUSA,14
2025,DI Independent,7
2025,Horizon,2
2025,Ivy League,4
2025,MAC,6
2025,MVC,7
2025,Mountain West,7
2025,Patriot,1
2025,SEC,107
2025,SWAC,4
2025,SoCon,9
2025,Southland,3
2025,Summit League,1
2025,Sun Belt,21
2025,The American,20
2025,WAC,9
2025,WCC,7
2026,ACC,68
2026,ASUN,9
2026,America East,3
2026,Atlantic 10,9
2026,Big 12,56
2026,Big East,6
2026,Big South,4
2026,Big Ten,46
2026,Big West,23
2026,CAA,9
2026,CUSA,21
2026,DI Independent,5
2026,Horizon,3
2026,Ivy League,2
2026,MAAC,1
2026,MAC,4
2026,MVC,8
2026,Mountain West,10
2026,NEC,1
2026,OVC,4
2026,Patriot,1
2026,SEC,104
2026,SoCon,7
2026,Southland,5
2026,Sun Belt,18
2026,The American,14
2026,WAC,11
2026,WCC,9
