conference,year,venue,city,source,fetch_date,confidence
ACC,2025,Durham Bulls Athletic Park,"Durham, North Carolina",https://en.wikipedia.org/wiki/2025_Atlantic_Coast_Conference_baseball_tournament,2026-10-10,B
ASUN,2025,Melching Field at Conrad Park,"DeLand, Florida",https://en.wikipedia.org/wiki/2025_ASUN_Conference_baseball_tournament,2026-10-10,B
America East,2025,Mahaney Diamond,"Orono, Maine",https://en.wikipedia.org/wiki/2025_America_East_Conference_baseball_tournament,2026-10-10,B
Atlantic 10,2025,Capital One Park,"Tysons, Virginia",https://en.wikipedia.org/wiki/2025_Atlantic_10_Conference_baseball_tournament,2026-10-10,B
Big 12,2025,Globe Life Field,"Arlington, Texas",https://en.wikipedia.org/wiki/2025_Big_12_Conference_baseball_tournament,2026-10-10,B
Big East,2025,Prasco Park,"Mason, Ohio",https://en.wikipedia.org/wiki/2025_Big_East_Conference_baseball_tournament,2026-10-10,B
Big South,2025,Truist Point,"High Point, North Carolina",https://en.wikipedia.org/wiki/2025_Big_South_Conference_baseball_tournament,2026-10-10,B
Big Ten,2025,Charles Schwab Field Omaha,"Omaha, Nebraska",https://en.wikipedia.org/wiki/2025_Big_Ten_Conference_baseball_tournament,2026-10-10,B
Big West,2025,Goodwin Field,"Fullerton, CA",https://en.wikipedia.org/wiki/2025_Big_West_Conference_baseball_tournament,2026-10-10,B
CAA,2025,CofC Baseball Stadium at Patriots Point,"Mount Pleasant, SC",https://en.wikipedia.org/wiki/2025_Coastal_Athletic_Association_baseball_tournament,2026-10-10,B
CUSA,2025,Liberty Baseball Stadium,"Lynchburg, Virginia",https://en.wikipedia.org/wiki/2025_Conference_USA_baseball_tournament,2026-10-10,B
Horizon,2025,Nischwitz Stadium,"Fairborn, Ohio",https://en.wikipedia.org/wiki/2025_Horizon_League_baseball_tournament,2026-10-10,B
Ivy League,2025,George H. W. Bush Field,"New Haven, CT",https://en.wikipedia.org/wiki/2025_Ivy_League_baseball_tournament,2026-10-10,B
MAAC,2025,Clover Stadium,"Pomona, New York",https://en.wikipedia.org/wiki/2025_Metro_Atlantic_Athletic_Conference_baseball_tournament,2026-10-10,B
MAC,2025,Crushers Stadium,"Avon, Ohio",https://en.wikipedia.org/wiki/2025_Mid-American_Conference_baseball_tournament,2026-10-10,B
MVC,2025,Duffy Bass Field,"Normal, Illinois",https://en.wikipedia.org/wiki/2025_Missouri_Valley_Conference_baseball_tournament,2026-10-10,B
Mountain West,2025,Sloan Park,"Mesa, Arizona",https://en.wikipedia.org/wiki/2025_Mountain_West_Conference_baseball_tournament,2026-10-10,B
NEC,2025,Heritage Financial Park,"Wappingers Falls, New York",https://en.wikipedia.org/wiki/2025_Northeast_Conference_baseball_tournament,2026-10-10,B
OVC,2025,Mtn Dew Park,"Marion, Illinois",https://en.wikipedia.org/wiki/2025_Ohio_Valley_Conference_baseball_tournament,2026-10-10,B
Patriot,2025,Fitton Field,"Worcester, Massachusetts",https://en.wikipedia.org/wiki/2025_Patriot_League_baseball_tournament,2026-10-10,B
SEC,2025,Hoover Metropolitan Stadium,"Hoover, AL",https://en.wikipedia.org/wiki/2025_Southeastern_Conference_baseball_tournament,2026-10-10,B
SWAC,2025,Rickwood Field,"Birmingham, Alabama",https://en.wikipedia.org/wiki/2025_Southwestern_Athletic_Conference_baseball_tournament,2026-10-10,B
SoCon,2025,Fluor Field at the West End,"Greenville, SC",https://en.wikipedia.org/wiki/2025_Southern_Conference_baseball_tournament,2026-10-10,B
Southland,2025,Husky Field,"Houston, Texas",https://en.wikipedia.org/wiki/2025_Southland_Conference_baseball_tournament,2026-10-10,B
Summit League,2025,Tal Anderson Field,"Omaha, Nebraska",https://en.wikipedia.org/wiki/2025_Summit_League_baseball_tournament,2026-10-10,B
Sun Belt,2025,Riverwalk Stadium,"Montgomery, Alabama",https://en.wikipedia.org/wiki/2025_Sun_Belt_Conference_baseball_tournament,2026-10-10,B
The American,2025,BayCare Ballpark,"Clearwater, FL",https://en.wikipedia.org/wiki/2025_American_Athletic_Conference_baseball_tournament,2026-10-10,B
WAC,2025,Hohokam Stadium,"Mesa, Arizona",https://en.wikipedia.org/wiki/2025_Western_Athletic_Conference_baseball_tournament,2026-10-10,B
WCC,2025,Las Vegas Ballpark,"Las Vegas, Nevada",https://en.wikipedia.org/wiki/2025_West_Coast_Conference_baseball_tournament,2026-10-10,B
DI Independent,2025,,,,2026-10-10,D
