pick,round,team,note,source,fetch_date
1,Round 1,Washington Nationals,,https://en.wikipedia.org/wiki/2025_Major_League_Baseball_draft,2026-10-10
2,Round 1,Los Angeles Angels,,https://en.wikipedia.org/wiki/2025_Major_League_Baseball_draft,2026-10-10
3,Round 1,Seattle Mariners,,https://en.wikipedia.org/wiki/2025_Major_League_Baseball_draft,2026-10-10
4,Round 1,Colorado Rockies,,https://en.wikipedia.org/wiki/2025_Major_League_Baseball_draft,2026-10-10
5,Round 1,St. Louis Cardinals,,https://en.wikipedia.org/wiki/2025_Major_League_Baseball_draft,2026-10-10
6,Round 1,Pittsburgh Pirates,,https://en.wikipedia.org/wiki/2025_Major_League_Baseball_draft,2026-10-10
7,Round 1,Miami Marlins,,https://en.wikipedia.org/wiki/2025_Major_League_Baseball_draft,2026-10-10
8,Round 1,Toronto Blue Jays,,https://en.wikipedia.org/wiki/2025_Major_League_Baseball_draft,2026-10-10
9,Round 1,Cincinnati Reds,,https://en.wikipedia.org/wiki/2025_Major_League_Baseball_draft,2026-10-10
10,Round 1,Chicago White Sox,,https://en.wikipedia.org/wiki/2025_Major_League_Baseball_draft,2026-10-10
11,Round 1,Athletics,,https://en.wikipedia.org/wiki/2025_Major_League_Baseball_draft,2026-10-10
12,Round 1,Texas Rangers,,https://en.wikipedia.org/wiki/2025_Major_League_Baseball_draft,2026-10-10
13,Round 1,San Francisco Giants,,https://en.wikipedia.org/wiki/2025_Major_League_Baseball_draft,2026-10-10
14,Round 1,Tampa Bay Rays,,https://en.wikipedia.org/wiki/2025_Major_League_Baseball_draft,2026-10-10
15,Round 1,Boston Red Sox,,https://en.wikipedia.org/wiki/2025_Major_League_Baseball_draft,2026-10-10
16,Round 1,Minnesota Twins,,https://en.wikipedia.org/wiki/2025_Major_League_Baseball_draft,2026-10-10
17,Round 1,Chicago Cubs,,https://en.wikipedia.org/wiki/2025_Major_League_Baseball_draft,2026-10-10
18,Round 1,Arizona Diamondbacks,,https://en.wikipedia.org/wiki/2025_Major_League_Baseball_draft,2026-10-10
19,Round 1,Baltimore Orioles,,https://en.wikipedia.org/wiki/2025_Major_League_Baseball_draft,2026-10-10
20,Round 1,Milwaukee Brewers,,https://en.wikipedia.org/wiki/2025_Major_League_Baseball_draft,2026-10-10
21,Round 1,Houston Astros,,https://en.wikipedia.org/wiki/2025_Major_League_Baseball_draft,2026-10-10
22,Round 1,Atlanta Braves,,https://en.wikipedia.org/wiki/2025_Major_League_Baseball_draft,2026-10-10
23,Round 1,Kansas City Royals,,https://en.wikipedia.org/wiki/2025_Major_League_Baseball_draft,2026-10-10
24,Round 1,Detroit Tigers,,https://en.wikipedia.org/wiki/2025_Major_League_Baseball_draft,2026-10-10
25,Round 1,San Diego Padres,,https://en.wikipedia.org/wiki/2025_Major_League_Baseball_draft,2026-10-10
26,Round 1,Philadelphia Phillies,,https://en.wikipedia.org/wiki/2025_Major_League_Baseball_draft,2026-10-10
27,Round 1,Cleveland Guardians,,https://en.wikipedia.org/wiki/2025_Major_League_Baseball_draft,2026-10-10
28,Prospect Promotion Incentive,Kansas City Royals,Received for Bobby Witt Jr. finishing in top 3 of American League Most Valuable Player voting,https://en.wikipedia.org/wiki/2025_Major_League_Baseball_draft,2026-10-10
29,Compensatory (Round 1),Arizona Diamondbacks,Compensation pick for the Houston Astros signing Christian Walker,https://en.wikipedia.org/wiki/2025_Major_League_Baseball_draft,2026-10-10
30,Compensatory (Round 1),Baltimore Orioles,Compensation pick for the Arizona Diamondbacks signing Corbin Burnes,https://en.wikipedia.org/wiki/2025_Major_League_Baseball_draft,2026-10-10
31,Compensatory (Round 1),Baltimore Orioles,Compensation pick for the Toronto Blue Jays signing Anthony Santander,https://en.wikipedia.org/wiki/2025_Major_League_Baseball_draft,2026-10-10
32,Compensatory (Round 1),Milwaukee Brewers,Compensation pick for the San Francisco Giants signing Willy Adames,https://en.wikipedia.org/wiki/2025_Major_League_Baseball_draft,2026-10-10
33,Competitive Balance Round A,Boston Red Sox,"The Red Sox acquired a Competitive Balance Round A pick from the Brewers as part of the April 7 trade that sent pitcher Quinn Priester to the Brewers. In addition to the draft pick, the Red Sox received minor-league outfielder Yophery Rodriguez and a player to be named later, later confirmed to be John Holobetz.",https://en.wikipedia.org/wiki/2025_Major_League_Baseball_draft,2026-10-10
34,Competitive Balance Round A,Detroit Tigers,,https://en.wikipedia.org/wiki/2025_Major_League_Baseball_draft,2026-10-10
35,Competitive Balance Round A,Seattle Mariners,,https://en.wikipedia.org/wiki/2025_Major_League_Baseball_draft,2026-10-10
36,Competitive Balance Round A,Minnesota Twins,,https://en.wikipedia.org/wiki/2025_Major_League_Baseball_draft,2026-10-10
37,Competitive Balance Round A,Baltimore Orioles,The Orioles acquired a Competitive Balance Round A pick from the Rays as part of the July 10 trade that sent reliever Bryan Baker to the Rays.,https://en.wikipedia.org/wiki/2025_Major_League_Baseball_draft,2026-10-10
38,Competitive Balance Round A,New York Mets,,https://en.wikipedia.org/wiki/2025_Major_League_Baseball_draft,2026-10-10
39,Competitive Balance Round A,New York Yankees,,https://en.wikipedia.org/wiki/2025_Major_League_Baseball_draft,2026-10-10
40,Competitive Balance Round A,Los Angeles Dodgers,,https://en.wikipedia.org/wiki/2025_Major_League_Baseball_draft,2026-10-10
41,Competitive Balance Round A,Los Angeles Dodgers,The Dodgers acquired a Competitive Balance Round A pick and Minor League outfielder Mike Sirota from the Reds for Gavin Lux.,https://en.wikipedia.org/wiki/2025_Major_League_Baseball_draft,2026-10-10
42,Competitive Balance Round A,Tampa Bay Rays,"The Rays acquired a Competitive Balance Round A pick, Joe Boyle, Will Simpson, and Jacob Watters from the Athletics for Jeffrey Springs and Jacob Lopez.",https://en.wikipedia.org/wiki/2025_Major_League_Baseball_draft,2026-10-10
43,Competitive Balance Round A,Miami Marlins,,https://en.wikipedia.org/wiki/2025_Major_League_Baseball_draft,2026-10-10
