bracket_name,scoreboard_name_2025,note
Army,Army West Point,
Bethune–Cookman,Bethune-Cookman,
Cal State Bakersfield,CSU Bakersfield,
Central Connecticut,Central Conn. St.,
Central Connecticut State,Central Conn. St.,
Central Michigan,Central Mich.,
College of Charleston,Col. of Charleston,
Connecticut,UConn,
Dallas Baptist,DBU,
East Tennessee State,ETSU,
Eastern Illinois,Eastern Ill.,
Florida Atlantic,Fla. Atlantic,
Florida Gulf Coast,FGCU,
Georgia Southern,Ga. Southern,
Grambling State,Grambling,
Houston Baptist,Houston Christian,
LIU Brooklyn,LIU,
Louisiana–Lafayette,Louisiana,
Loyola Marymount,LMU (CA),
McNeese State,McNeese,
North Carolina A&T,N.C. A&T,
Northern Kentucky,Northern Ky.,
Sam Houston State,Sam Houston,
South Florida,South Fla.,
Southeast Missouri State,Southeast Mo. St.,
Southeastern Louisiana,Southeastern La.,
Southern,Southern U.,
Southern Miss,Southern Miss.,
St. John's,St. John's (NY),
UNC Wilmington,UNCW,
USC,Southern California,
Western Carolina,Western Caro.,
Western Kentucky,Western Ky.,
Western Michigan,Western Mich.,
Hartford,,left Division I after 2023 (America East); tier low by its conference
