scope,class,group,role,rate,scale,players,level_t,level_t1,delta_mean,delta_sd,delta_se,delta_weighted,delta_median,pairs_pa_mean
class,Fr,all,batter,k_pct,logit,283,0.21196,0.19702,-0.09997,0.37327,0.02219,-0.105,-0.14108,159.72438
class,Fr,all,batter,bb_pct,logit,283,0.11097,0.12123,0.08596,0.46237,0.02748,0.11162,0.07497,159.72438
class,Fr,all,batter,hr_pct,logit,283,0.03064,0.0371,0.17736,0.80056,0.04759,0.18198,0.15314,159.72438
class,Fr,all,batter,ba,logit,283,0.28422,0.295,0.06293,0.31457,0.0187,0.05679,0.05598,159.72438
class,Fr,all,batter,obp,logit,283,0.38272,0.39953,0.07024,0.26731,0.01589,0.07468,0.07381,159.72438
class,Fr,all,batter,slg,raw,283,0.45834,0.50067,0.04242,0.12779,0.0076,0.0428,0.03838,159.72438
class,Fr,all,batter,iso,raw,283,0.17411,0.20568,0.03019,0.08519,0.00506,0.0313,0.03044,159.72438
class,Fr,all,batter,babip,logit,283,0.34324,0.34252,0.00648,0.32356,0.01923,-0.00116,0.00591,159.72438
class,Fr,all,batter,ops,raw,283,0.84105,0.90021,0.05896,0.17637,0.01048,0.0605,0.06159,159.72438
class,Jr,all,batter,k_pct,logit,386,0.19646,0.18781,-0.07246,0.33626,0.01711,-0.05917,-0.0747,187.81865
class,Jr,all,batter,bb_pct,logit,386,0.10938,0.10896,0.00107,0.40809,0.02077,-0.00752,-0.02893,187.81865
class,Jr,all,batter,hr_pct,logit,386,0.02928,0.03449,0.15905,0.75391,0.03837,0.16322,0.14079,187.81865
class,Jr,all,batter,ba,logit,386,0.28731,0.29161,0.01427,0.29661,0.0151,0.01123,0.00684,187.81865
class,Jr,all,batter,obp,logit,386,0.38468,0.39127,0.02266,0.24525,0.01248,0.01909,0.00819,187.81865
class,Jr,all,batter,slg,raw,386,0.46206,0.48694,0.02123,0.12558,0.00639,0.02169,0.02078,187.81865
class,Jr,all,batter,iso,raw,386,0.17476,0.19533,0.01784,0.0859,0.00437,0.01887,0.01648,187.81865
class,Jr,all,batter,babip,logit,386,0.33985,0.33581,-0.02746,0.32173,0.01638,-0.02721,-0.0327,187.81865
class,Jr,all,batter,ops,raw,386,0.84675,0.87822,0.02658,0.17156,0.00873,0.02622,0.02334,187.81865
class,So,all,batter,k_pct,logit,434,0.19777,0.18827,-0.07399,0.32848,0.01577,-0.07748,-0.07676,193.28802
class,So,all,batter,bb_pct,logit,434,0.11333,0.11862,0.03412,0.37729,0.01811,0.04764,0.04284,193.28802
class,So,all,batter,hr_pct,logit,434,0.03486,0.03833,0.0809,0.79451,0.03814,0.09442,0.08211,193.28802
class,So,all,batter,ba,logit,434,0.29272,0.29816,0.0179,0.27217,0.01306,0.02205,0.01573,193.28802
class,So,all,batter,obp,logit,434,0.39148,0.3993,0.02621,0.23262,0.01117,0.03058,0.02178,193.28802
class,So,all,batter,slg,raw,434,0.48773,0.50909,0.01636,0.11409,0.00548,0.01911,0.01634,193.28802
class,So,all,batter,iso,raw,434,0.19501,0.21092,0.01215,0.07894,0.00379,0.01413,0.01591,193.28802
class,So,all,batter,babip,logit,434,0.34146,0.34036,-0.01446,0.29782,0.0143,-0.0111,-0.02023,193.28802
class,So,all,batter,ops,raw,434,0.87921,0.90839,0.02291,0.15707,0.00754,0.02665,0.02275,193.28802
class,Sr,all,batter,k_pct,logit,83,0.1953,0.1983,0.02095,0.3646,0.04002,0.02751,-0.02418,190.56627
class,Sr,all,batter,bb_pct,logit,83,0.10299,0.10845,0.0302,0.34043,0.03737,0.06372,0.03637,190.56627
class,Sr,all,batter,hr_pct,logit,83,0.03471,0.0341,-0.01412,0.76398,0.08386,-0.04449,0.01609,190.56627
class,Sr,all,batter,ba,logit,83,0.30235,0.28718,-0.06407,0.31089,0.03412,-0.07383,-0.07204,190.56627
class,Sr,all,batter,obp,logit,83,0.39424,0.3865,-0.04086,0.24073,0.02642,-0.03425,-0.07171,190.56627
class,Sr,all,batter,slg,raw,83,0.50122,0.4766,-0.02335,0.12034,0.01321,-0.02517,-0.00915,190.56627
class,Sr,all,batter,iso,raw,83,0.19888,0.18942,-0.00994,0.08002,0.00878,-0.00972,0.00103,190.56627
class,Sr,all,batter,babip,logit,83,0.35218,0.33561,-0.06053,0.33084,0.03631,-0.06768,-0.05217,190.56627
class,Sr,all,batter,ops,raw,83,0.89546,0.8631,-0.03304,0.16474,0.01808,-0.03326,-0.02744,190.56627
class_tier,Fr,low,batter,k_pct,logit,2,0.19951,0.13699,-0.43154,0.17935,0.12682,-0.44345,-0.43154,205.5
class_tier,Fr,low,batter,bb_pct,logit,2,0.11679,0.09589,-0.20211,0.33014,0.23344,-0.18019,-0.20211,205.5
class_tier,Fr,low,batter,hr_pct,logit,2,0.0219,0.02192,0.02732,0.00226,0.0016,0.02747,0.02732,205.5
class_tier,Fr,low,batter,ba,logit,2,0.27709,0.26301,-0.07696,0.19803,0.14003,-0.06381,-0.07696,205.5
class_tier,Fr,low,batter,obp,logit,2,0.3674,0.33425,-0.15279,0.24695,0.17462,-0.13639,-0.15279,205.5
class_tier,Fr,low,batter,slg,raw,2,0.41168,0.40368,-0.01053,0.06703,0.0474,-0.00608,-0.01053,205.5
class_tier,Fr,low,batter,iso,raw,2,0.1346,0.14067,0.00538,0.02719,0.01922,0.00718,0.00538,205.5
class_tier,Fr,low,batter,babip,logit,2,0.33765,0.28776,-0.23407,0.21819,0.15429,-0.21958,-0.23407,205.5
class_tier,Fr,low,batter,ops,raw,2,0.77908,0.73793,-0.04616,0.12436,0.08794,-0.03791,-0.04616,205.5
class_tier,Fr,mid,batter,k_pct,logit,57,0.19737,0.1941,-0.03647,0.44105,0.05842,-0.02063,-0.06988,147.91228
class_tier,Fr,mid,batter,bb_pct,logit,57,0.10046,0.11242,0.20135,0.53263,0.07055,0.21833,0.21683,147.91228
class_tier,Fr,mid,batter,hr_pct,logit,57,0.02099,0.02414,0.12101,0.96485,0.1278,0.18307,0.15579,147.91228
class_tier,Fr,mid,batter,ba,logit,57,0.28117,0.28198,0.01384,0.2853,0.03779,0.00316,0.02137,147.91228
class_tier,Fr,mid,batter,obp,logit,57,0.37253,0.38047,0.06099,0.24793,0.03284,0.04805,0.0333,147.91228
class_tier,Fr,mid,batter,slg,raw,57,0.41986,0.44248,0.02796,0.10863,0.01439,0.02646,0.0313,147.91228
class_tier,Fr,mid,batter,iso,raw,57,0.13869,0.1605,0.0252,0.07229,0.00958,0.0258,0.02827,147.91228
class_tier,Fr,mid,batter,babip,logit,57,0.34044,0.3361,-0.01356,0.27325,0.03619,-0.02296,0.00591,147.91228
class_tier,Fr,mid,batter,ops,raw,57,0.79239,0.82296,0.0419,0.14755,0.01954,0.03739,0.03407,147.91228
class_tier,Fr,p4,batter,k_pct,logit,224,0.21548,0.19815,-0.11316,0.35357,0.02362,-0.12096,-0.15298,162.32143
class_tier,Fr,p4,batter,bb_pct,logit,224,0.11334,0.12341,0.05916,0.44016,0.02941,0.09009,0.04452,162.32143
class_tier,Fr,p4,batter,hr_pct,logit,224,0.03298,0.04013,0.19304,0.75857,0.05068,0.18326,0.14942,162.32143
class_tier,Fr,p4,batter,ba,logit,224,0.28501,0.29818,0.07667,0.32177,0.0215,0.07027,0.07686,162.32143
class_tier,Fr,p4,batter,obp,logit,224,0.38525,0.40434,0.07458,0.27233,0.0182,0.08288,0.08557,162.32143
class_tier,Fr,p4,batter,slg,raw,224,0.46778,0.51454,0.04657,0.13256,0.00886,0.04704,0.05484,162.32143
class_tier,Fr,p4,batter,iso,raw,224,0.18278,0.21636,0.03169,0.08859,0.00592,0.0328,0.03196,162.32143
class_tier,Fr,p4,batter,babip,logit,224,0.34396,0.34439,0.01373,0.33578,0.02244,0.00601,0.00861,162.32143
class_tier,Fr,p4,batter,ops,raw,224,0.85304,0.91888,0.06424,0.18329,0.01225,0.06677,0.07164,162.32143
class_tier,Jr,low,batter,k_pct,logit,9,0.19668,0.18114,-0.11017,0.22313,0.07438,-0.08959,-0.00773,214.11111
class_tier,Jr,low,batter,bb_pct,logit,9,0.0903,0.08684,0.01439,0.4372,0.14573,-0.01994,0.02047,214.11111
class_tier,Jr,low,batter,hr_pct,logit,9,0.02802,0.02611,0.08265,0.65021,0.21674,-0.05512,0.14686,214.11111
class_tier,Jr,low,batter,ba,logit,9,0.28894,0.26277,-0.11185,0.29182,0.09727,-0.13025,-0.18193,214.11111
class_tier,Jr,low,batter,obp,logit,9,0.37419,0.34833,-0.1169,0.23718,0.07906,-0.11293,-0.13472,214.11111
class_tier,Jr,low,batter,slg,raw,9,0.45166,0.41668,-0.01389,0.0936,0.0312,-0.03135,-0.03321,214.11111
class_tier,Jr,low,batter,iso,raw,9,0.16272,0.15391,0.00906,0.07361,0.02454,-0.00483,0.01024,214.11111
class_tier,Jr,low,batter,babip,logit,9,0.34498,0.3032,-0.19082,0.29395,0.09798,-0.18376,-0.19011,214.11111
class_tier,Jr,low,batter,ops,raw,9,0.82585,0.76501,-0.04118,0.13088,0.04363,-0.05785,-0.09519,214.11111
class_tier,Jr,mid,batter,k_pct,logit,146,0.18633,0.17983,-0.05906,0.33937,0.02809,-0.0415,-0.05411,189.56164
class_tier,Jr,mid,batter,bb_pct,logit,146,0.10341,0.10371,0.02458,0.43155,0.03572,-0.00072,0.0008,189.56164
class_tier,Jr,mid,batter,hr_pct,logit,146,0.02829,0.03289,0.11079,0.74096,0.06132,0.15685,0.13262,189.56164
class_tier,Jr,mid,batter,ba,logit,146,0.298,0.30124,0.00522,0.29332,0.02428,0.00941,-0.01473,189.56164
class_tier,Jr,mid,batter,obp,logit,146,0.38773,0.39398,0.02195,0.23179,0.01918,0.02016,0.01242,189.56164
class_tier,Jr,mid,batter,slg,raw,146,0.4767,0.49442,0.01449,0.12507,0.01035,0.01832,0.01962,189.56164
class_tier,Jr,mid,batter,iso,raw,146,0.1787,0.19319,0.01258,0.08525,0.00706,0.01559,0.011,189.56164
class_tier,Jr,mid,batter,babip,logit,146,0.34839,0.34553,-0.02586,0.31725,0.02626,-0.01913,-0.03584,189.56164
class_tier,Jr,mid,batter,ops,raw,146,0.86443,0.8884,0.0195,0.16674,0.0138,0.023,0.00806,189.56164
class_tier,Jr,p4,batter,k_pct,logit,231,0.20298,0.19318,-0.07947,0.33869,0.02228,-0.06936,-0.10281,185.69264
class_tier,Jr,p4,batter,bb_pct,logit,231,0.11409,0.11321,-0.0143,0.39259,0.02583,-0.01141,-0.04048,185.69264
class_tier,Jr,p4,batter,hr_pct,logit,231,0.02998,0.03585,0.19253,0.76665,0.05044,0.17657,0.14111,185.69264
class_tier,Jr,p4,batter,ba,logit,231,0.28034,0.28665,0.02491,0.29879,0.01966,0.01839,0.01645,185.69264
class_tier,Jr,p4,batter,obp,logit,231,0.38318,0.39132,0.02855,0.25309,0.01665,0.02397,0.01335,185.69264
class_tier,Jr,p4,batter,slg,raw,231,0.45309,0.48506,0.02686,0.12697,0.00835,0.02611,0.02099,185.69264
class_tier,Jr,p4,batter,iso,raw,231,0.17275,0.19841,0.02151,0.08688,0.00572,0.022,0.01761,185.69264
class_tier,Jr,p4,batter,babip,logit,231,0.33412,0.33095,-0.02211,0.32518,0.0214,-0.02584,-0.01799,185.69264
class_tier,Jr,p4,batter,ops,raw,231,0.83627,0.87637,0.0337,0.17573,0.01156,0.03186,0.02671,185.69264
class_tier,So,low,batter,k_pct,logit,3,0.12351,0.15282,0.19208,0.43341,0.25023,0.19128,-0.0096,224.0
class_tier,So,low,batter,bb_pct,logit,3,0.11012,0.08713,-0.28531,0.34505,0.19922,-0.28765,-0.45054,224.0
class_tier,So,low,batter,hr_pct,logit,3,0.03274,0.02547,-0.23616,0.64267,0.37104,-0.23656,-0.57805,224.0
class_tier,So,low,batter,ba,logit,3,0.32103,0.28881,-0.14971,0.29821,0.17217,-0.14877,-0.14745,224.0
class_tier,So,low,batter,obp,logit,3,0.4021,0.36331,-0.15226,0.21255,0.12271,-0.15216,-0.23486,224.0
class_tier,So,low,batter,slg,raw,3,0.50179,0.44197,-0.0572,0.1058,0.06108,-0.05714,-0.09692,224.0
class_tier,So,low,batter,iso,raw,3,0.18076,0.15316,-0.02642,0.05141,0.02968,-0.02653,-0.04859,224.0
class_tier,So,low,batter,babip,logit,3,0.34125,0.32376,-0.08218,0.39231,0.2265,-0.08096,-0.08212,224.0
class_tier,So,low,batter,ops,raw,3,0.90389,0.80528,-0.0937,0.15577,0.08993,-0.09363,-0.15448,224.0
class_tier,So,mid,batter,k_pct,logit,110,0.19164,0.18099,-0.09866,0.32217,0.03072,-0.12048,-0.11611,176.65455
class_tier,So,mid,batter,bb_pct,logit,110,0.10426,0.10877,-0.01356,0.45231,0.04313,0.01808,0.04501,176.65455
class_tier,So,mid,batter,hr_pct,logit,110,0.02614,0.02671,-0.03911,0.83564,0.07967,-0.00209,0.00264,176.65455
class_tier,So,mid,batter,ba,logit,110,0.29134,0.29407,-0.00046,0.29049,0.0277,0.01182,0.00475,176.65455
class_tier,So,mid,batter,obp,logit,110,0.38152,0.38713,0.00603,0.26972,0.02572,0.0186,0.04116,176.65455
class_tier,So,mid,batter,slg,raw,110,0.45529,0.46614,0.00202,0.11173,0.01065,0.00854,-0.00654,176.65455
class_tier,So,mid,batter,iso,raw,110,0.16394,0.17207,0.00093,0.07516,0.00717,0.00551,0.00794,176.65455
class_tier,So,mid,batter,babip,logit,110,0.34497,0.34211,-0.02752,0.31259,0.0298,-0.0247,-0.02723,176.65455
class_tier,So,mid,batter,ops,raw,110,0.8368,0.85327,0.00414,0.1632,0.01556,0.01341,0.00252,176.65455
class_tier,So,p4,batter,k_pct,logit,321,0.20041,0.19085,-0.06802,0.32949,0.01839,-0.06754,-0.06306,198.70093
class_tier,So,p4,batter,bb_pct,logit,321,0.11613,0.12192,0.05344,0.34652,0.01934,0.06018,0.04409,198.70093
class_tier,So,p4,batter,hr_pct,logit,321,0.03753,0.04197,0.12498,0.77838,0.04345,0.12696,0.10105,198.70093
class_tier,So,p4,batter,ba,logit,321,0.29284,0.2995,0.02575,0.26551,0.01482,0.02699,0.01986,198.70093
class_tier,So,p4,batter,obp,logit,321,0.3944,0.40335,0.0348,0.21828,0.01218,0.03617,0.01884,198.70093
class_tier,So,p4,batter,slg,raw,321,0.49747,0.52275,0.02197,0.11462,0.0064,0.02311,0.02173,198.70093
class_tier,So,p4,batter,iso,raw,321,0.20462,0.22325,0.01635,0.0801,0.00447,0.01716,0.02058,198.70093
class_tier,So,p4,batter,babip,logit,321,0.34039,0.34,-0.00935,0.29266,0.01633,-0.00626,-0.01624,198.70093
class_tier,So,p4,batter,ops,raw,321,0.89187,0.9261,0.03043,0.15444,0.00862,0.03193,0.02699,198.70093
class_tier,Sr,low,batter,k_pct,logit,3,0.17626,0.1637,-0.10196,0.08466,0.04888,-0.11781,-0.09516,185.33333
class_tier,Sr,low,batter,bb_pct,logit,3,0.07734,0.08266,-0.01101,0.18069,0.10432,0.02071,-0.09514,185.33333
class_tier,Sr,low,batter,hr_pct,logit,3,0.02518,0.03079,0.75299,1.64598,0.95031,0.48512,-0.08329,185.33333
class_tier,Sr,low,batter,ba,logit,3,0.29435,0.28986,0.04545,0.47742,0.27564,0.01246,-0.06768,185.33333
class_tier,Sr,low,batter,obp,logit,3,0.3731,0.35939,-0.05235,0.31604,0.18246,-0.0718,-0.14246,185.33333
class_tier,Sr,low,batter,slg,raw,3,0.43899,0.46528,0.0477,0.14154,0.08172,0.02414,0.12758,185.33333
class_tier,Sr,low,batter,iso,raw,3,0.14464,0.17542,0.043,0.09033,0.05215,0.02663,0.02315,185.33333
class_tier,Sr,low,batter,babip,logit,3,0.34142,0.32383,-0.02776,0.60317,0.34824,-0.0524,-0.27612,185.33333
class_tier,Sr,low,batter,ops,raw,3,0.81209,0.82467,0.03574,0.20196,0.1166,0.00754,0.09515,185.33333
class_tier,Sr,mid,batter,k_pct,logit,21,0.17674,0.17338,-0.07599,0.31118,0.06791,-0.03172,-0.06571,189.14286
class_tier,Sr,mid,batter,bb_pct,logit,21,0.09743,0.10727,0.05861,0.33838,0.07384,0.10319,0.00821,189.14286
class_tier,Sr,mid,batter,hr_pct,logit,21,0.03499,0.03431,-0.17765,0.66998,0.1462,-0.16169,-0.0137,189.14286
class_tier,Sr,mid,batter,ba,logit,21,0.32225,0.29917,-0.09244,0.18629,0.04065,-0.10919,-0.12754,189.14286
class_tier,Sr,mid,batter,obp,logit,21,0.41032,0.39788,-0.04436,0.18052,0.03939,-0.04859,-0.09031,189.14286
class_tier,Sr,mid,batter,slg,raw,21,0.53235,0.49656,-0.03932,0.08813,0.01923,-0.03804,-0.03225,189.14286
class_tier,Sr,mid,batter,iso,raw,21,0.2101,0.19739,-0.01985,0.06814,0.01487,-0.015,-0.00151,189.14286
class_tier,Sr,mid,batter,babip,logit,21,0.36897,0.33696,-0.12774,0.26232,0.05724,-0.13794,-0.10204,189.14286
class_tier,Sr,mid,batter,ops,raw,21,0.94267,0.89444,-0.04993,0.12198,0.02662,-0.04965,-0.05514,189.14286
class_tier,Sr,p4,batter,k_pct,logit,59,0.20276,0.20973,0.0617,0.38526,0.05016,0.05748,-0.0034,191.33898
class_tier,Sr,p4,batter,bb_pct,logit,59,0.10621,0.1103,0.02218,0.35042,0.04562,0.0512,0.03785,191.33898
class_tier,Sr,p4,batter,hr_pct,logit,59,0.03508,0.0342,0.00508,0.73245,0.09536,-0.02869,0.05548,191.33898
class_tier,Sr,p4,batter,ba,logit,59,0.29574,0.28243,-0.05955,0.34042,0.04432,-0.06515,-0.06878,191.33898
class_tier,Sr,p4,batter,obp,logit,59,0.38962,0.38361,-0.03904,0.2593,0.03376,-0.02687,-0.0434,191.33898
class_tier,Sr,p4,batter,slg,raw,59,0.49334,0.46956,-0.02128,0.12942,0.01685,-0.02297,-0.00543,191.33898
class_tier,Sr,p4,batter,iso,raw,59,0.1976,0.18712,-0.0091,0.0836,0.01088,-0.00967,0.00103,191.33898
class_tier,Sr,p4,batter,babip,logit,59,0.34681,0.33572,-0.03827,0.341,0.04439,-0.04212,-0.026,191.33898
class_tier,Sr,p4,batter,ops,raw,59,0.88296,0.85316,-0.03052,0.17742,0.0231,-0.02928,-0.01912,191.33898
class_tercile,Fr,t1,batter,k_pct,logit,133,0.23844,0.20845,-0.14333,0.38718,0.03357,-0.16158,-0.17276,97.09023
class_tercile,Fr,t1,batter,bb_pct,logit,133,0.11237,0.11657,0.02241,0.50727,0.04399,0.05343,0.00677,97.09023
class_tercile,Fr,t1,batter,hr_pct,logit,133,0.02486,0.03343,0.18477,0.94102,0.0816,0.21032,0.1808,97.09023
class_tercile,Fr,t1,batter,ba,logit,133,0.25203,0.28648,0.14519,0.36353,0.03152,0.15587,0.1392,97.09023
class_tercile,Fr,t1,batter,obp,logit,133,0.35656,0.39127,0.11688,0.30119,0.02612,0.13804,0.14872,97.09023
class_tercile,Fr,t1,batter,slg,raw,133,0.39873,0.47484,0.06025,0.14373,0.01246,0.06568,0.07007,97.09023
class_tercile,Fr,t1,batter,iso,raw,133,0.14669,0.18836,0.03277,0.09297,0.00806,0.03549,0.03982,97.09023
class_tercile,Fr,t1,batter,babip,logit,133,0.32062,0.34213,0.0884,0.36398,0.03156,0.09601,0.08558,97.09023
class_tercile,Fr,t1,batter,ops,raw,133,0.75528,0.86612,0.08722,0.19666,0.01705,0.09761,0.10973,97.09023
class_tercile,Fr,t2,batter,k_pct,logit,90,0.20471,0.19406,-0.04019,0.38653,0.04074,-0.06391,-0.11222,188.12222
class_tercile,Fr,t2,batter,bb_pct,logit,90,0.10531,0.11776,0.14086,0.40271,0.04245,0.13618,0.12719,188.12222
class_tercile,Fr,t2,batter,hr_pct,logit,90,0.02575,0.03429,0.21551,0.67892,0.07156,0.22279,0.15518,188.12222
class_tercile,Fr,t2,batter,ba,logit,90,0.28818,0.29199,-0.02835,0.26284,0.02771,-0.00275,-0.00951,188.12222
class_tercile,Fr,t2,batter,obp,logit,90,0.38323,0.39311,0.00485,0.22928,0.02417,0.02381,0.01426,188.12222
class_tercile,Fr,t2,batter,slg,raw,90,0.44472,0.48822,0.02398,0.11279,0.01189,0.03199,0.01979,188.12222
class_tercile,Fr,t2,batter,iso,raw,90,0.15654,0.19623,0.02894,0.07221,0.00761,0.03184,0.0243,188.12222
class_tercile,Fr,t2,batter,babip,logit,90,0.35008,0.33895,-0.0895,0.2816,0.02968,-0.06817,-0.05563,188.12222
class_tercile,Fr,t2,batter,ops,raw,90,0.82795,0.88133,0.02557,0.15833,0.01669,0.03796,0.02486,188.12222
class_tercile,Fr,t3,batter,k_pct,logit,60,0.19768,0.18257,-0.09349,0.30899,0.03989,-0.09208,-0.11396,255.96667
class_tercile,Fr,t3,batter,bb_pct,logit,60,0.11603,0.13287,0.14445,0.42929,0.05542,0.14511,0.09494,255.96667
class_tercile,Fr,t3,batter,hr_pct,logit,60,0.04089,0.04637,0.10373,0.61561,0.07947,0.10546,0.0204,255.96667
class_tercile,Fr,t3,batter,ba,logit,60,0.30692,0.31221,0.01752,0.20743,0.02678,0.01999,0.00855,255.96667
class_tercile,Fr,t3,batter,obp,logit,60,0.40415,0.42052,0.06495,0.21866,0.02823,0.06575,0.03788,255.96667
class_tercile,Fr,t3,batter,slg,raw,60,0.52346,0.55695,0.03054,0.10613,0.0137,0.03097,0.01951,255.96667
class_tercile,Fr,t3,batter,iso,raw,60,0.21654,0.24474,0.02636,0.08633,0.01115,0.02626,0.0069,255.96667
class_tercile,Fr,t3,batter,babip,logit,60,0.35472,0.34753,-0.03112,0.23183,0.02993,-0.0274,-0.02759,255.96667
class_tercile,Fr,t3,batter,ops,raw,60,0.92761,0.97747,0.0464,0.14377,0.01856,0.04699,0.04428,255.96667
class_tercile,Jr,t1,batter,k_pct,logit,102,0.22348,0.1962,-0.17534,0.34929,0.03458,-0.16589,-0.15695,97.12745
class_tercile,Jr,t1,batter,bb_pct,logit,102,0.11346,0.11434,0.01968,0.48775,0.04829,0.01441,-0.02074,97.12745
class_tercile,Jr,t1,batter,hr_pct,logit,102,0.02301,0.03241,0.21227,0.93116,0.0922,0.24497,0.28622,97.12745
class_tercile,Jr,t1,batter,ba,logit,102,0.26213,0.28401,0.10038,0.3526,0.03491,0.0972,0.0736,97.12745
class_tercile,Jr,t1,batter,obp,logit,102,0.36916,0.39155,0.08659,0.27274,0.02701,0.08512,0.07453,97.12745
class_tercile,Jr,t1,batter,slg,raw,102,0.40887,0.46842,0.05288,0.14388,0.01425,0.0563,0.05029,97.12745
class_tercile,Jr,t1,batter,iso,raw,102,0.14674,0.18441,0.03307,0.0982,0.00972,0.037,0.03638,97.12745
class_tercile,Jr,t1,batter,babip,logit,102,0.3265,0.33395,0.02445,0.41088,0.04068,0.02035,0.06281,97.12745
class_tercile,Jr,t1,batter,ops,raw,102,0.77803,0.85997,0.0731,0.19554,0.01936,0.07629,0.07249,97.12745
class_tercile,Jr,t2,batter,k_pct,logit,155,0.20561,0.19107,-0.08126,0.32833,0.02637,-0.0843,-0.0933,190.36774
class_tercile,Jr,t2,batter,bb_pct,logit,155,0.10791,0.10612,-0.00415,0.39248,0.03152,-0.01319,-0.03308,190.36774
class_tercile,Jr,t2,batter,hr_pct,logit,155,0.02762,0.03481,0.23152,0.77174,0.06199,0.25567,0.14686,190.36774
class_tercile,Jr,t2,batter,ba,logit,155,0.28079,0.29211,0.01444,0.29348,0.02357,0.02883,0.01645,190.36774
class_tercile,Jr,t2,batter,obp,logit,155,0.37833,0.38874,0.02263,0.2401,0.01929,0.02932,0.00881,190.36774
class_tercile,Jr,t2,batter,slg,raw,155,0.44766,0.4897,0.02442,0.13059,0.01049,0.03129,0.01782,190.36774
class_tercile,Jr,t2,batter,iso,raw,155,0.16687,0.19759,0.02026,0.09069,0.00728,0.02436,0.01907,190.36774
class_tercile,Jr,t2,batter,babip,logit,155,0.33837,0.33699,-0.03123,0.29973,0.02408,-0.01924,-0.03203,190.36774
class_tercile,Jr,t2,batter,ops,raw,155,0.82599,0.87843,0.02979,0.17439,0.01401,0.03822,0.02244,190.36774
class_tercile,Jr,t3,batter,k_pct,logit,129,0.18021,0.17955,0.01945,0.31159,0.02743,0.00656,0.00911,256.46512
class_tercile,Jr,t3,batter,bb_pct,logit,129,0.10948,0.10866,-0.00737,0.35707,0.03144,-0.01083,-0.02591,256.46512
class_tercile,Jr,t3,batter,hr_pct,logit,129,0.03264,0.03538,0.02989,0.53235,0.04687,0.04403,0.06377,256.46512
class_tercile,Jr,t3,batter,ba,logit,129,0.30067,0.29558,-0.05401,0.22865,0.02013,-0.03922,-0.05828,256.46512
class_tercile,Jr,t3,batter,obp,logit,129,0.39499,0.39369,-0.02785,0.21684,0.01909,-0.01657,-0.0346,256.46512
class_tercile,Jr,t3,batter,slg,raw,129,0.49084,0.49507,-0.00762,0.0945,0.00832,-0.001,-0.00352,256.46512
class_tercile,Jr,t3,batter,iso,raw,129,0.19017,0.19949,0.0029,0.06538,0.00576,0.00656,0.00526,256.46512
class_tercile,Jr,t3,batter,babip,logit,129,0.34517,0.33572,-0.06398,0.25794,0.02271,-0.05345,-0.08613,256.46512
class_tercile,Jr,t3,batter,ops,raw,129,0.88583,0.88876,-0.01405,0.13552,0.01193,-0.00481,-0.01115,256.46512
class_tercile,So,t1,batter,k_pct,logit,120,0.23422,0.20946,-0.11123,0.34261,0.03128,-0.13225,-0.12694,102.04167
class_tercile,So,t1,batter,bb_pct,logit,120,0.11107,0.11201,-0.02061,0.41741,0.0381,-0.0162,0.00203,102.04167
class_tercile,So,t1,batter,hr_pct,logit,120,0.0285,0.0334,0.03872,0.93723,0.08556,0.05741,0.03394,102.04167
class_tercile,So,t1,batter,ba,logit,120,0.26208,0.28273,0.0595,0.32589,0.02975,0.07564,0.01997,102.04167
class_tercile,So,t1,batter,obp,logit,120,0.36444,0.38304,0.04992,0.26137,0.02386,0.05944,0.02854,102.04167
class_tercile,So,t1,batter,slg,raw,120,0.42957,0.47101,0.02165,0.13006,0.01187,0.027,0.00854,102.04167
class_tercile,So,t1,batter,iso,raw,120,0.16749,0.18828,0.00861,0.08871,0.0081,0.01087,0.00626,102.04167
class_tercile,So,t1,batter,babip,logit,120,0.32844,0.33644,0.01346,0.35809,0.03269,0.02286,-0.01341,102.04167
class_tercile,So,t1,batter,ops,raw,120,0.79401,0.85405,0.03371,0.17789,0.01624,0.04124,0.02541,102.04167
class_tercile,So,t2,batter,k_pct,logit,151,0.20664,0.19333,-0.07514,0.31676,0.02578,-0.08711,-0.10063,189.72848
class_tercile,So,t2,batter,bb_pct,logit,151,0.11117,0.11923,0.05795,0.39107,0.03182,0.06904,0.07872,189.72848
class_tercile,So,t2,batter,hr_pct,logit,151,0.03033,0.03456,0.1178,0.82358,0.06702,0.10621,0.12453,189.72848
class_tercile,So,t2,batter,ba,logit,151,0.2817,0.28869,0.00626,0.24331,0.0198,0.01737,0.00987,189.72848
class_tercile,So,t2,batter,obp,logit,151,0.38285,0.3929,0.01976,0.22149,0.01802,0.02954,0.03471,189.72848
class_tercile,So,t2,batter,slg,raw,151,0.45639,0.48353,0.01463,0.1044,0.0085,0.01736,0.02056,189.72848
class_tercile,So,t2,batter,iso,raw,151,0.17469,0.19485,0.01316,0.0721,0.00587,0.01375,0.01885,189.72848
class_tercile,So,t2,batter,babip,logit,151,0.33675,0.33539,-0.02444,0.26679,0.02171,-0.01633,-0.02326,189.72848
class_tercile,So,t2,batter,ops,raw,151,0.83923,0.87644,0.01964,0.14285,0.01163,0.02459,0.01443,189.72848
class_tercile,So,t3,batter,k_pct,logit,163,0.18147,0.17385,-0.04551,0.32776,0.02567,-0.05165,-0.0448,263.76074
class_tercile,So,t3,batter,bb_pct,logit,163,0.11541,0.12149,0.05234,0.32834,0.02572,0.05512,0.05378,263.76074
class_tercile,So,t3,batter,hr_pct,logit,163,0.03968,0.04362,0.07776,0.64136,0.05024,0.09918,0.07802,263.76074
class_tercile,So,t3,batter,ba,logit,163,0.30879,0.31297,-0.00196,0.25171,0.01972,0.00657,0.00691,263.76074
class_tercile,So,t3,batter,obp,logit,163,0.40494,0.41223,0.01474,0.22008,0.01724,0.02121,0.00095,263.76074
class_tercile,So,t3,batter,slg,raw,163,0.52518,0.54723,0.01408,0.11066,0.00867,0.01756,0.01655,263.76074
class_tercile,So,t3,batter,iso,raw,163,0.21639,0.23426,0.01382,0.07777,0.00609,0.01553,0.01572,263.76074
class_tercile,So,t3,batter,babip,logit,163,0.34831,0.34601,-0.02577,0.27601,0.02162,-0.01934,-0.02404,263.76074
class_tercile,So,t3,batter,ops,raw,163,0.93011,0.95947,0.01799,0.15387,0.01205,0.02298,0.02666,263.76074
class_tercile,Sr,t1,batter,k_pct,logit,21,0.21523,0.20206,-0.07752,0.50024,0.10916,-0.06411,-0.11667,90.04762
class_tercile,Sr,t1,batter,bb_pct,logit,21,0.11052,0.10457,-0.10329,0.38523,0.08406,-0.08569,-0.12751,90.04762
class_tercile,Sr,t1,batter,hr_pct,logit,21,0.0275,0.03417,0.21989,0.64197,0.14009,0.19839,0.03031,90.04762
class_tercile,Sr,t1,batter,ba,logit,21,0.25275,0.28089,0.10376,0.35244,0.07691,0.12971,0.06897,90.04762
class_tercile,Sr,t1,batter,obp,logit,21,0.35753,0.37907,0.0439,0.28616,0.06244,0.06586,0.06119,90.04762
class_tercile,Sr,t1,batter,slg,raw,21,0.41371,0.46891,0.03971,0.12496,0.02727,0.04758,0.05614,90.04762
class_tercile,Sr,t1,batter,iso,raw,21,0.16096,0.18802,0.02013,0.07726,0.01686,0.02272,0.01103,90.04762
class_tercile,Sr,t1,batter,babip,logit,21,0.30378,0.33052,0.08304,0.40261,0.08786,0.12236,0.06318,90.04762
class_tercile,Sr,t1,batter,ops,raw,21,0.77124,0.84798,0.0493,0.17804,0.03885,0.06237,0.05683,90.04762
class_tercile,Sr,t2,batter,k_pct,logit,32,0.20327,0.20098,0.0182,0.29564,0.05226,0.01196,-0.00908,196.78125
class_tercile,Sr,t2,batter,bb_pct,logit,32,0.1037,0.11011,0.0489,0.35777,0.06325,0.06343,0.02303,196.78125
class_tercile,Sr,t2,batter,hr_pct,logit,32,0.03319,0.03034,-0.17562,1.00469,0.17761,-0.18542,-0.10887,196.78125
class_tercile,Sr,t2,batter,ba,logit,32,0.29767,0.28773,-0.08842,0.31907,0.0564,-0.07184,-0.13429,196.78125
class_tercile,Sr,t2,batter,obp,logit,32,0.39492,0.38817,-0.06501,0.22772,0.04025,-0.04341,-0.11948,196.78125
class_tercile,Sr,t2,batter,slg,raw,32,0.49323,0.45934,-0.04733,0.13193,0.02332,-0.04075,-0.01187,196.78125
class_tercile,Sr,t2,batter,iso,raw,32,0.19556,0.17161,-0.03027,0.09269,0.01638,-0.02674,-0.009,196.78125
class_tercile,Sr,t2,batter,babip,logit,32,0.35402,0.34131,-0.08682,0.30701,0.05427,-0.07118,-0.16011,196.78125
class_tercile,Sr,t2,batter,ops,raw,32,0.88815,0.84751,-0.06232,0.17146,0.03031,-0.05079,-0.05141,196.78125
class_tercile,Sr,t3,batter,k_pct,logit,30,0.18377,0.19406,0.0928,0.31225,0.05701,0.07016,-0.01379,254.3
class_tercile,Sr,t3,batter,bb_pct,logit,30,0.10054,0.1089,0.10369,0.26391,0.04818,0.11196,0.10554,254.3
class_tercile,Sr,t3,batter,hr_pct,logit,30,0.03775,0.03741,-0.00565,0.46758,0.08537,-0.00267,0.06956,254.3
class_tercile,Sr,t3,batter,ba,logit,30,0.3185,0.28979,-0.15559,0.22155,0.04045,-0.14089,-0.12765,254.3
class_tercile,Sr,t3,batter,obp,logit,30,0.40277,0.38868,-0.07445,0.21202,0.03871,-0.05862,-0.07218,254.3
class_tercile,Sr,t3,batter,slg,raw,30,0.52952,0.4958,-0.04192,0.08778,0.01603,-0.03529,-0.03897,254.3
class_tercile,Sr,t3,batter,iso,raw,30,0.21102,0.20601,-0.0093,0.06078,0.0111,-0.00567,0.00126,254.3
class_tercile,Sr,t3,batter,babip,logit,30,0.36266,0.33303,-0.13298,0.27537,0.05028,-0.12573,-0.08438,254.3
class_tercile,Sr,t3,batter,ops,raw,30,0.93229,0.88448,-0.05944,0.12992,0.02372,-0.04907,-0.04953,254.3
all,all,all,batter,k_pct,logit,1186,0.2001,0.19088,-0.07305,0.34541,0.01003,-0.07013,-0.09004,183.3086
all,all,all,batter,bb_pct,logit,1186,0.11077,0.11549,0.03546,0.40745,0.01183,0.04483,0.02527,183.3086
all,all,all,batter,hr_pct,logit,1186,0.03211,0.03653,0.1227,0.78187,0.0227,0.12619,0.11002,183.3086
all,all,all,batter,ba,logit,1186,0.28985,0.29459,0.02173,0.29467,0.00856,0.01936,0.01655,183.3086
all,all,all,batter,obp,logit,1186,0.38759,0.39594,0.03087,0.24716,0.00718,0.03192,0.02326,183.3086
all,all,all,batter,slg,raw,1186,0.47404,0.49787,0.02139,0.12257,0.00356,0.02201,0.02105,183.3086
all,all,all,batter,iso,raw,1186,0.18419,0.20328,0.01676,0.08334,0.00242,0.01775,0.01767,183.3086
all,all,all,batter,babip,logit,1186,0.34207,0.33911,-0.01692,0.31437,0.00913,-0.01816,-0.01761,183.3086
all,all,all,batter,ops,raw,1186,0.86163,0.89382,0.02879,0.16839,0.00489,0.02969,0.02758,183.3086
class,Fr,all,pitcher,k_pct,logit,346,0.22371,0.23602,0.07185,0.37734,0.02029,0.06141,0.08186,148.31214
class,Fr,all,pitcher,bb_pct,logit,346,0.10924,0.10159,-0.06526,0.47396,0.02548,-0.08655,-0.08155,148.31214
class,Fr,all,pitcher,hr_pct,logit,346,0.02796,0.02776,-0.00299,0.86366,0.04643,0.03206,-0.03036,148.31214
class,Fr,all,pitcher,h_pct,logit,346,0.22052,0.22008,-0.0101,0.30402,0.01634,0.00047,-0.00628,148.31214
class,Fr,all,pitcher,era,raw,346,5.53421,5.24501,-0.19638,3.16816,0.17032,-0.20076,-0.33803,148.31214
class,Jr,all,pitcher,k_pct,logit,334,0.20273,0.21706,0.05302,0.38039,0.02081,0.07127,0.07668,169.01198
class,Jr,all,pitcher,bb_pct,logit,334,0.09568,0.09349,0.00742,0.49054,0.02684,-0.00404,0.04054,169.01198
class,Jr,all,pitcher,hr_pct,logit,334,0.02689,0.02821,0.06591,0.78116,0.04274,0.07677,0.02634,169.01198
class,Jr,all,pitcher,h_pct,logit,334,0.23511,0.23266,-0.01457,0.3188,0.01744,-0.01044,-0.0142,169.01198
class,Jr,all,pitcher,era,raw,334,5.49979,5.37429,0.06479,3.16414,0.17313,-0.02795,0.06684,169.01198
class,So,all,pitcher,k_pct,logit,434,0.22717,0.24008,0.02286,0.33702,0.01618,0.05015,0.02685,187.20507
class,So,all,pitcher,bb_pct,logit,434,0.09967,0.09673,-0.01272,0.46681,0.02241,-0.0107,-0.00073,187.20507
class,So,all,pitcher,hr_pct,logit,434,0.02758,0.02893,0.0575,0.76535,0.03674,0.05808,0.04281,187.20507
class,So,all,pitcher,h_pct,logit,434,0.22448,0.22061,-0.01006,0.29194,0.01401,-0.00818,-0.00541,187.20507
class,So,all,pitcher,era,raw,434,5.26644,5.15322,-0.02946,3.08076,0.14788,0.00531,-0.00993,187.20507
class,Sr,all,pitcher,k_pct,logit,71,0.21323,0.20993,-0.0209,0.33796,0.04011,-0.00361,-0.04294,174.64789
class,Sr,all,pitcher,bb_pct,logit,71,0.09323,0.09014,-0.00801,0.50759,0.06024,-0.01159,-0.04245,174.64789
class,Sr,all,pitcher,hr_pct,logit,71,0.03048,0.02814,-0.1234,0.91413,0.10849,-0.11252,-0.06566,174.64789
class,Sr,all,pitcher,h_pct,logit,71,0.22677,0.22927,0.01123,0.26484,0.03143,-0.00046,0.00063,174.64789
class,Sr,all,pitcher,era,raw,71,5.29422,5.38691,0.11115,3.28669,0.39006,0.12404,0.04286,174.64789
class_tier,Fr,low,pitcher,k_pct,logit,1,0.14062,0.18667,0.3202,,,0.3202,0.3202,64.0
class_tier,Fr,low,pitcher,bb_pct,logit,1,0.07812,0.02667,-0.99977,,,-0.99977,-0.99977,64.0
class_tier,Fr,low,pitcher,hr_pct,logit,1,0.01562,0.05333,0.97995,,,0.97995,0.97995,64.0
class_tier,Fr,low,pitcher,h_pct,logit,1,0.3125,0.36,0.20769,,,0.20769,0.20769,64.0
class_tier,Fr,low,pitcher,era,raw,1,4.62857,12.85714,8.22857,,,8.22857,8.22857,64.0
class_tier,Fr,mid,pitcher,k_pct,logit,83,0.19447,0.20122,0.07142,0.43031,0.04723,0.04656,0.06235,144.10843
class_tier,Fr,mid,pitcher,bb_pct,logit,83,0.10459,0.10223,-0.01557,0.46271,0.05079,-0.01984,-0.01256,144.10843
class_tier,Fr,mid,pitcher,hr_pct,logit,83,0.02542,0.02394,-0.04571,0.98517,0.10814,0.0081,-0.15604,144.10843
class_tier,Fr,mid,pitcher,h_pct,logit,83,0.24354,0.2353,-0.0676,0.2834,0.03111,-0.04947,-0.01469,144.10843
class_tier,Fr,mid,pitcher,era,raw,83,6.44547,5.68938,-0.88204,3.44878,0.37855,-0.67251,-0.756,144.10843
class_tier,Fr,p4,pitcher,k_pct,logit,262,0.23275,0.24768,0.07104,0.36028,0.02226,0.06572,0.08346,149.96565
class_tier,Fr,p4,pitcher,bb_pct,logit,262,0.11071,0.1015,-0.07743,0.47475,0.02933,-0.10634,-0.09312,149.96565
class_tier,Fr,p4,pitcher,hr_pct,logit,262,0.02876,0.029,0.00679,0.82259,0.05082,0.03813,0.01073,149.96565
class_tier,Fr,p4,pitcher,h_pct,logit,262,0.21336,0.2148,0.00729,0.30887,0.01908,0.01608,-0.00628,149.96565
class_tier,Fr,p4,pitcher,era,raw,262,5.25828,5.08556,-0.01133,3.01247,0.18611,-0.06413,-0.19296,149.96565
class_tier,Jr,low,pitcher,k_pct,logit,8,0.1916,0.22769,0.10459,0.35075,0.12401,0.15454,0.11002,211.375
class_tier,Jr,low,pitcher,bb_pct,logit,8,0.11768,0.11308,-0.00522,0.29942,0.10586,-0.08585,0.03763,211.375
class_tier,Jr,low,pitcher,hr_pct,logit,8,0.02543,0.02688,0.2055,0.58072,0.20531,0.12836,0.18579,211.375
class_tier,Jr,low,pitcher,h_pct,logit,8,0.21999,0.22515,0.08933,0.26459,0.09355,0.05407,0.0078,211.375
class_tier,Jr,low,pitcher,era,raw,8,5.55157,5.16286,0.06798,2.33255,0.82468,-0.28445,-0.66062,211.375
class_tier,Jr,mid,pitcher,k_pct,logit,125,0.18724,0.19446,0.01303,0.3516,0.03145,0.04096,0.06859,176.968
class_tier,Jr,mid,pitcher,bb_pct,logit,125,0.09186,0.0921,0.0324,0.53977,0.04828,0.02561,0.08838,176.968
class_tier,Jr,mid,pitcher,hr_pct,logit,125,0.02559,0.02795,0.08195,0.75842,0.06783,0.0673,0.03204,176.968
class_tier,Jr,mid,pitcher,h_pct,logit,125,0.24913,0.24702,0.0048,0.28538,0.02552,-0.00694,-0.01298,176.968
class_tier,Jr,mid,pitcher,era,raw,125,5.91758,5.9566,0.36422,3.36153,0.30066,0.19246,0.324,176.968
class_tier,Jr,p4,pitcher,k_pct,logit,201,0.2138,0.23214,0.07584,0.39791,0.02807,0.08773,0.08858,162.37811
class_tier,Jr,p4,pitcher,bb_pct,logit,201,0.09713,0.09336,-0.00762,0.46502,0.0328,-0.02014,0.02318,162.37811
class_tier,Jr,p4,pitcher,hr_pct,logit,201,0.02785,0.02846,0.05038,0.80398,0.05671,0.08049,0.00094,162.37811
class_tier,Jr,p4,pitcher,h_pct,logit,201,0.22639,0.22313,-0.03074,0.33963,0.02396,-0.01645,-0.0185,162.37811
class_tier,Jr,p4,pitcher,era,raw,201,5.21393,4.9822,-0.12155,3.06306,0.21605,-0.16703,-0.02945,162.37811
class_tier,So,low,pitcher,k_pct,logit,4,0.19474,0.21847,0.15772,0.12166,0.06083,0.16493,0.1524,209.25
class_tier,So,low,pitcher,bb_pct,logit,4,0.08961,0.1205,0.46325,0.31346,0.15673,0.42482,0.41608,209.25
class_tier,So,low,pitcher,hr_pct,logit,4,0.0227,0.03266,0.10269,0.5851,0.29255,0.28333,-0.00282,209.25
class_tier,So,low,pitcher,h_pct,logit,4,0.24851,0.21396,-0.34621,0.41956,0.20978,-0.21764,-0.54058,209.25
class_tier,So,low,pitcher,era,raw,4,5.56686,5.59411,-2.08929,4.99001,2.495,-0.44367,-2.37635,209.25
class_tier,So,mid,pitcher,k_pct,logit,117,0.20398,0.21198,0.00667,0.35735,0.03304,0.0331,0.00243,200.53846
class_tier,So,mid,pitcher,bb_pct,logit,117,0.09986,0.09397,-0.033,0.50415,0.04661,-0.03087,-0.02666,200.53846
class_tier,So,mid,pitcher,hr_pct,logit,117,0.02566,0.02677,0.04125,0.72964,0.06746,0.02351,0.0122,200.53846
class_tier,So,mid,pitcher,h_pct,logit,117,0.23931,0.2371,0.00979,0.27596,0.02551,-0.00364,0.03579,200.53846
class_tier,So,mid,pitcher,era,raw,117,5.77792,5.81454,0.2843,3.57193,0.33022,0.19279,0.2187,200.53846
class_tier,So,p4,pitcher,k_pct,logit,313,0.2372,0.25131,0.02719,0.33115,0.01872,0.05532,0.02697,181.9393
class_tier,So,p4,pitcher,bb_pct,logit,313,0.09974,0.09746,-0.01123,0.45158,0.02552,-0.00907,-0.0062,181.9393
class_tier,So,p4,pitcher,hr_pct,logit,313,0.02845,0.02971,0.063,0.78202,0.0442,0.06866,0.05867,181.9393
class_tier,So,p4,pitcher,h_pct,logit,313,0.21801,0.2143,-0.01318,0.29439,0.01664,-0.00689,-0.01096,181.9393
class_tier,So,p4,pitcher,era,raw,313,5.05128,4.88999,-0.12042,2.84417,0.16076,-0.06361,-0.02217,181.9393
class_tier,Sr,low,pitcher,k_pct,logit,4,0.17526,0.23297,0.3353,0.22976,0.11488,0.36742,0.33018,169.75
class_tier,Sr,low,pitcher,bb_pct,logit,4,0.12518,0.10215,-0.23386,0.69561,0.3478,-0.30105,-0.18341,169.75
class_tier,Sr,low,pitcher,hr_pct,logit,4,0.02798,0.01254,-0.75714,0.70667,0.35333,-0.73218,-0.65081,169.75
class_tier,Sr,low,pitcher,h_pct,logit,4,0.23122,0.20072,-0.21013,0.16038,0.08019,-0.24017,-0.14483,169.75
class_tier,Sr,low,pitcher,era,raw,4,6.0345,4.57796,-1.38332,3.8268,1.9134,-1.43552,-1.22648,169.75
class_tier,Sr,mid,pitcher,k_pct,logit,19,0.20641,0.1996,-0.07856,0.37035,0.08496,-0.0642,-0.1389,185.63158
class_tier,Sr,mid,pitcher,bb_pct,logit,19,0.09441,0.10263,0.16328,0.46948,0.10771,0.11189,0.11259,185.63158
class_tier,Sr,mid,pitcher,hr_pct,logit,19,0.0241,0.02714,0.15451,0.85991,0.19728,0.14052,0.06281,185.63158
class_tier,Sr,mid,pitcher,h_pct,logit,19,0.22852,0.23466,0.02999,0.25973,0.05959,0.02946,0.02396,185.63158
class_tier,Sr,mid,pitcher,era,raw,19,5.68068,5.95851,0.62355,3.69922,0.84866,0.30616,0.04286,185.63158
class_tier,Sr,p4,pitcher,k_pct,logit,48,0.21931,0.2127,-0.02776,0.31941,0.0461,-0.00355,-0.03274,170.70833
class_tier,Sr,p4,pitcher,bb_pct,logit,48,0.09007,0.08416,-0.05699,0.49979,0.07214,-0.0451,-0.07182,170.70833
class_tier,Sr,p4,pitcher,hr_pct,logit,48,0.03344,0.02958,-0.18059,0.92777,0.13391,-0.17931,-0.07568,170.70833
class_tier,Sr,p4,pitcher,h_pct,logit,48,0.22565,0.2289,0.02226,0.26935,0.03888,0.00355,-0.00849,170.70833
class_tier,Sr,p4,pitcher,era,raw,48,5.06653,5.20258,0.03287,3.1001,0.44746,0.15565,0.05151,170.70833
class_tercile,Fr,t1,pitcher,k_pct,logit,134,0.21191,0.22812,0.09648,0.43241,0.03735,0.09451,0.0976,82.08955
class_tercile,Fr,t1,pitcher,bb_pct,logit,134,0.12691,0.11344,-0.0914,0.52193,0.04509,-0.11196,-0.13338,82.08955
class_tercile,Fr,t1,pitcher,hr_pct,logit,134,0.02936,0.02479,-0.22512,1.01274,0.08749,-0.19658,-0.31125,82.08955
class_tercile,Fr,t1,pitcher,h_pct,logit,134,0.227,0.21658,-0.05425,0.34831,0.03009,-0.05217,-0.05583,82.08955
class_tercile,Fr,t1,pitcher,era,raw,134,6.49934,5.36627,-0.83363,3.90861,0.33765,-0.95395,-1.4774,82.08955
class_tercile,Fr,t2,pitcher,k_pct,logit,130,0.22721,0.24123,0.05838,0.3405,0.02986,0.04937,0.03623,147.81538
class_tercile,Fr,t2,pitcher,bb_pct,logit,130,0.11105,0.09888,-0.07759,0.47,0.04122,-0.11648,-0.03993,147.81538
class_tercile,Fr,t2,pitcher,hr_pct,logit,130,0.02784,0.03071,0.17089,0.78499,0.06885,0.14919,0.15867,147.81538
class_tercile,Fr,t2,pitcher,h_pct,logit,130,0.22013,0.22112,0.01483,0.29382,0.02577,0.0133,0.01596,147.81538
class_tercile,Fr,t2,pitcher,era,raw,130,5.58761,5.27517,0.0425,2.56498,0.22496,-0.09115,-0.16427,147.81538
class_tercile,Fr,t3,pitcher,k_pct,logit,82,0.22668,0.23833,0.05299,0.33638,0.03715,0.05096,0.09708,257.31707
class_tercile,Fr,t3,pitcher,bb_pct,logit,82,0.09839,0.0925,-0.00299,0.39039,0.04311,-0.04018,-0.03447,257.31707
class_tercile,Fr,t3,pitcher,hr_pct,logit,82,0.02735,0.02756,0.08434,0.61128,0.0675,0.07098,0.0171,257.31707
class_tercile,Fr,t3,pitcher,h_pct,logit,82,0.21749,0.22251,0.02253,0.2273,0.0251,0.02326,0.03942,257.31707
class_tercile,Fr,t3,pitcher,era,raw,82,4.98243,5.08793,0.46625,2.44553,0.27006,0.19799,0.1843,257.31707
class_tercile,Jr,t1,pitcher,k_pct,logit,94,0.21835,0.22297,0.02506,0.42971,0.04432,0.02147,0.06791,83.60638
class_tercile,Jr,t1,pitcher,bb_pct,logit,94,0.11274,0.0986,-0.07646,0.57406,0.05921,-0.07889,-0.10789,83.60638
class_tercile,Jr,t1,pitcher,hr_pct,logit,94,0.02698,0.02791,-0.02861,0.82624,0.08522,-0.05203,-0.07472,83.60638
class_tercile,Jr,t1,pitcher,h_pct,logit,94,0.23476,0.22047,-0.07856,0.38335,0.03954,-0.08638,-0.11082,83.60638
class_tercile,Jr,t1,pitcher,era,raw,94,6.25418,5.40829,-0.41824,4.00542,0.41313,-0.55619,-0.32915,83.60638
class_tercile,Jr,t2,pitcher,k_pct,logit,126,0.20765,0.2129,0.0304,0.38569,0.03436,0.03381,0.05838,147.30159
class_tercile,Jr,t2,pitcher,bb_pct,logit,126,0.10199,0.09677,0.04364,0.49434,0.04404,0.01048,0.07006,147.30159
class_tercile,Jr,t2,pitcher,hr_pct,logit,126,0.02629,0.02681,0.07002,0.87217,0.0777,0.04645,0.07969,147.30159
class_tercile,Jr,t2,pitcher,h_pct,logit,126,0.23039,0.23475,0.00455,0.32995,0.02939,0.00814,0.02311,147.30159
class_tercile,Jr,t2,pitcher,era,raw,126,5.63905,5.40509,0.08872,3.06081,0.27268,-0.15759,-0.06129,147.30159
class_tercile,Jr,t3,pitcher,k_pct,logit,114,0.1956,0.21725,0.10109,0.32608,0.03054,0.11314,0.10018,263.42982
class_tercile,Jr,t3,pitcher,bb_pct,logit,114,0.08731,0.08844,0.03653,0.39924,0.03739,0.01164,0.08822,263.42982
class_tercile,Jr,t3,pitcher,hr_pct,logit,114,0.02724,0.02942,0.13931,0.61809,0.05789,0.14066,0.04786,263.42982
class_tercile,Jr,t3,pitcher,h_pct,logit,114,0.23812,0.2372,0.01708,0.23088,0.02162,0.0029,0.00253,263.42982
class_tercile,Jr,t3,pitcher,era,raw,114,5.21629,5.33382,0.43662,2.36691,0.22168,0.23762,0.26956,263.42982
class_tercile,So,t1,pitcher,k_pct,logit,101,0.23712,0.23499,-0.05503,0.40019,0.03982,-0.05536,-0.05817,79.9604
class_tercile,So,t1,pitcher,bb_pct,logit,101,0.12159,0.10683,-0.05966,0.59734,0.05944,-0.07072,-0.08162,79.9604
class_tercile,So,t1,pitcher,hr_pct,logit,101,0.02687,0.02816,0.10317,0.98156,0.09767,0.08309,0.08257,79.9604
class_tercile,So,t1,pitcher,h_pct,logit,101,0.22202,0.21319,-0.02275,0.39192,0.039,-0.02873,0.03579,79.9604
class_tercile,So,t1,pitcher,era,raw,101,6.39405,5.12836,-0.88991,4.10315,0.40828,-1.03317,-0.82317,79.9604
class_tercile,So,t2,pitcher,k_pct,logit,150,0.23051,0.23662,0.01863,0.32954,0.02691,0.02206,0.02819,148.30667
class_tercile,So,t2,pitcher,bb_pct,logit,150,0.11139,0.1018,-0.04238,0.43915,0.03586,-0.05845,-0.01607,148.30667
class_tercile,So,t2,pitcher,hr_pct,logit,150,0.02994,0.02946,0.00372,0.77782,0.06351,0.00243,-0.02211,148.30667
class_tercile,So,t2,pitcher,h_pct,logit,150,0.21833,0.21854,0.00638,0.27988,0.02285,0.01045,0.00735,148.30667
class_tercile,So,t2,pitcher,era,raw,150,5.51476,5.34565,0.13229,3.08778,0.25212,0.04272,-0.02682,148.30667
class_tercile,So,t3,pitcher,k_pct,logit,183,0.22413,0.24341,0.06931,0.29627,0.0219,0.08461,0.05284,278.27869
class_tercile,So,t3,pitcher,bb_pct,logit,183,0.09108,0.09104,0.03749,0.40003,0.02957,0.0236,0.05228,278.27869
class_tercile,So,t3,pitcher,hr_pct,logit,183,0.02667,0.02889,0.07638,0.60417,0.04466,0.07874,0.09017,278.27869
class_tercile,So,t3,pitcher,h_pct,logit,183,0.22755,0.22395,-0.01653,0.23213,0.01716,-0.01263,-0.02238,278.27869
class_tercile,So,t3,pitcher,era,raw,183,4.97913,5.06298,0.31284,2.23028,0.16487,0.19914,0.17308,278.27869
class_tercile,Sr,t1,pitcher,k_pct,logit,14,0.21147,0.21654,0.09204,0.40329,0.10778,0.10582,0.09526,83.42857
class_tercile,Sr,t1,pitcher,bb_pct,logit,14,0.09932,0.08652,-0.10218,0.48381,0.1293,-0.0904,-0.05496,83.42857
class_tercile,Sr,t1,pitcher,hr_pct,logit,14,0.03938,0.03107,-0.26775,1.26956,0.3393,-0.33543,-0.10447,83.42857
class_tercile,Sr,t1,pitcher,h_pct,logit,14,0.22432,0.22753,-0.01009,0.36534,0.09764,-0.0076,-0.02034,83.42857
class_tercile,Sr,t1,pitcher,era,raw,14,6.119,4.97344,-1.26764,3.34049,0.89278,-1.21057,0.06018,83.42857
class_tercile,Sr,t2,pitcher,k_pct,logit,34,0.23068,0.20707,-0.14511,0.33917,0.05817,-0.12913,-0.17065,152.23529
class_tercile,Sr,t2,pitcher,bb_pct,logit,34,0.10819,0.09965,-0.03255,0.58735,0.10073,-0.08031,-0.11468,152.23529
class_tercile,Sr,t2,pitcher,hr_pct,logit,34,0.03033,0.02792,-0.08452,0.85748,0.14706,-0.07935,-0.09406,152.23529
class_tercile,Sr,t2,pitcher,h_pct,logit,34,0.22083,0.22456,0.02917,0.24106,0.04134,0.00409,-0.0075,152.23529
class_tercile,Sr,t2,pitcher,era,raw,34,5.73082,5.69723,0.3429,3.82399,0.65581,0.01224,0.43185,152.23529
class_tercile,Sr,t3,pitcher,k_pct,logit,23,0.19865,0.21041,0.09397,0.22137,0.04616,0.09044,0.12673,263.30435
class_tercile,Sr,t3,pitcher,bb_pct,logit,23,0.07926,0.08063,0.0856,0.38507,0.08029,0.07824,0.11259,263.30435
class_tercile,Sr,t3,pitcher,hr_pct,logit,23,0.0289,0.02715,-0.09302,0.76614,0.15975,-0.08376,0.00939,263.30435
class_tercile,Sr,t3,pitcher,h_pct,logit,23,0.23233,0.2355,-0.00229,0.23697,0.04941,-0.00299,0.00063,263.30435
class_tercile,Sr,t3,pitcher,era,raw,23,4.762,5.20357,0.60784,2.07176,0.43199,0.60358,-0.26153,263.30435
all,all,all,pitcher,k_pct,logit,1185,0.21858,0.23104,0.04304,0.36214,0.01052,0.05583,0.04891,169.96878
all,all,all,pitcher,bb_pct,logit,1185,0.10059,0.09692,-0.0221,0.47843,0.0139,-0.02946,-0.002,169.96878
all,all,all,pitcher,hr_pct,logit,1185,0.02766,0.02835,0.03137,0.80929,0.02351,0.04615,0.01522,169.96878
all,all,all,pitcher,h_pct,logit,1185,0.22659,0.22417,-0.01007,0.30144,0.00876,-0.00601,-0.00943,169.96878
all,all,all,pitcher,era,raw,1185,5.40177,5.25243,-0.04321,3.14035,0.09123,-0.05263,-0.07717,169.96878
