season,tier,class,pos_group,played,count
2022,mid,Fr,P,played,49
2022,mid,Fr,P,rostered,20
2022,mid,Fr,position,played,59
2022,mid,Fr,position,rostered,16
2022,mid,Jr,P,played,58
2022,mid,Jr,P,rostered,7
2022,mid,Jr,position,played,78
2022,mid,Jr,position,rostered,2
2022,mid,So,P,played,96
2022,mid,So,P,rostered,8
2022,mid,So,position,played,93
2022,mid,So,position,rostered,8
2022,mid,Sr,P,played,49
2022,mid,Sr,P,rostered,3
2022,mid,Sr,position,played,59
2022,mid,Sr,position,rostered,1
2022,p4,Fr,P,played,140
2022,p4,Fr,P,rostered,49
2022,p4,Fr,position,played,166
2022,p4,Fr,position,rostered,49
2022,p4,Jr,P,played,133
2022,p4,Jr,P,rostered,16
2022,p4,Jr,position,played,115
2022,p4,Jr,position,rostered,1
2022,p4,So,P,played,193
2022,p4,So,P,rostered,21
2022,p4,So,position,played,198
2022,p4,So,position,rostered,10
2022,p4,Sr,P,played,107
2022,p4,Sr,P,rostered,6
2022,p4,Sr,position,played,139
2023,low,Fr,P,played,1
2023,low,Fr,position,played,3
2023,low,Jr,P,played,5
2023,low,Jr,P,rostered,2
2023,low,Jr,position,played,6
2023,low,Jr,position,rostered,1
2023,low,So,P,played,4
2023,low,So,position,played,6
2023,low,Sr,P,played,4
2023,low,Sr,position,played,3
2023,mid,Fr,P,played,52
2023,mid,Fr,P,rostered,18
2023,mid,Fr,position,played,53
2023,mid,Fr,position,rostered,22
2023,mid,Jr,P,played,87
2023,mid,Jr,P,rostered,9
2023,mid,Jr,position,played,96
2023,mid,Jr,position,rostered,2
2023,mid,So,P,played,40
2023,mid,So,P,rostered,5
2023,mid,So,position,played,56
2023,mid,So,position,rostered,5
2023,mid,Sr,P,played,53
2023,mid,Sr,P,rostered,2
2023,mid,Sr,position,played,55
2023,mid,Sr,position,rostered,2
2023,p4,Fr,P,played,132
2023,p4,Fr,P,rostered,53
2023,p4,Fr,position,played,134
2023,p4,Fr,position,rostered,64
2023,p4,Jr,P,played,187
2023,p4,Jr,P,rostered,14
2023,p4,Jr,position,played,174
2023,p4,Jr,position,rostered,11
2023,p4,So,P,played,131
2023,p4,So,P,rostered,25
2023,p4,So,position,played,149
2023,p4,So,position,rostered,2
2023,p4,Sr,P,played,104
2023,p4,Sr,P,rostered,9
2023,p4,Sr,position,played,131
2023,p4,Sr,position,rostered,3
2024,low,Fr,P,played,1
2024,low,Jr,P,played,10
2024,low,Jr,P,rostered,1
2024,low,Jr,position,played,7
2024,low,So,P,played,1
2024,low,So,position,played,2
2024,low,Sr,P,played,8
2024,low,Sr,position,played,8
2024,mid,Fr,P,played,39
2024,mid,Fr,P,rostered,13
2024,mid,Fr,position,played,43
2024,mid,Fr,position,rostered,29
2024,mid,Jr,P,played,57
2024,mid,Jr,P,rostered,5
2024,mid,Jr,position,played,72
2024,mid,Jr,position,rostered,2
2024,mid,So,P,played,41
2024,mid,So,P,rostered,8
2024,mid,So,position,played,34
2024,mid,So,position,rostered,7
2024,mid,Sr,P,played,55
2024,mid,Sr,P,rostered,2
2024,mid,Sr,position,played,70
2024,p4,Fr,P,played,173
2024,p4,Fr,P,rostered,68
2024,p4,Fr,position,played,151
2024,p4,Fr,position,rostered,69
2024,p4,Jr,P,played,167
2024,p4,Jr,P,rostered,27
2024,p4,Jr,position,played,171
2024,p4,Jr,position,rostered,11
2024,p4,So,P,played,141
2024,p4,So,P,rostered,22
2024,p4,So,position,played,151
2024,p4,So,position,rostered,13
2024,p4,Sr,P,played,155
2024,p4,Sr,P,rostered,12
2024,p4,Sr,position,played,188
2024,p4,Sr,position,rostered,6
2025,low,Fr,P,rostered,2
2025,low,Fr,position,played,2
2025,low,Fr,position,rostered,1
2025,low,Jr,P,played,6
2025,low,Jr,P,rostered,1
2025,low,Jr,position,played,11
2025,low,Jr,position,rostered,1
2025,low,So,P,played,2
2025,low,Sr,P,played,10
2025,low,Sr,position,played,4
2025,mid,Fr,P,played,45
2025,mid,Fr,P,rostered,19
2025,mid,Fr,position,played,49
2025,mid,Fr,position,rostered,17
2025,mid,Jr,P,played,72
2025,mid,Jr,P,rostered,12
2025,mid,Jr,position,played,73
2025,mid,Jr,position,rostered,7
2025,mid,So,P,played,39
2025,mid,So,P,rostered,3
2025,mid,So,position,played,43
2025,mid,So,position,rostered,6
2025,mid,Sr,P,played,49
2025,mid,Sr,P,rostered,6
2025,mid,Sr,position,played,69
2025,mid,Sr,position,rostered,1
2025,p4,Fr,P,played,146
2025,p4,Fr,P,rostered,69
2025,p4,Fr,position,played,141
2025,p4,Fr,position,rostered,67
2025,p4,Jr,P,played,192
2025,p4,Jr,P,rostered,24
2025,p4,Jr,position,played,185
2025,p4,Jr,position,rostered,9
2025,p4,So,P,played,159
2025,p4,So,P,rostered,32
2025,p4,So,position,played,142
2025,p4,So,position,rostered,4
2025,p4,Sr,P,played,145
2025,p4,Sr,P,rostered,16
2025,p4,Sr,position,played,151
2025,p4,Sr,position,rostered,7
2026,low,Fr,P,played,2
2026,low,Jr,P,played,5
2026,low,Jr,position,played,10
2026,low,So,P,played,1
2026,low,So,position,played,3
2026,low,Sr,P,played,12
2026,low,Sr,position,played,6
2026,mid,Fr,P,played,28
2026,mid,Fr,P,rostered,12
2026,mid,Fr,position,played,38
2026,mid,Fr,position,rostered,21
2026,mid,Jr,P,played,73
2026,mid,Jr,P,rostered,9
2026,mid,Jr,position,played,63
2026,mid,Jr,position,rostered,10
2026,mid,So,P,played,34
2026,mid,So,P,rostered,8
2026,mid,So,position,played,46
2026,mid,So,position,rostered,5
2026,mid,Sr,P,played,71
2026,mid,Sr,P,rostered,6
2026,mid,Sr,position,played,83
2026,mid,Sr,position,rostered,4
2026,p4,Fr,P,played,144
2026,p4,Fr,P,rostered,50
2026,p4,Fr,position,played,144
2026,p4,Fr,position,rostered,48
2026,p4,Jr,P,played,182
2026,p4,Jr,P,rostered,22
2026,p4,Jr,position,played,173
2026,p4,Jr,position,rostered,6
2026,p4,So,P,played,145
2026,p4,So,P,rostered,14
2026,p4,So,position,played,129
2026,p4,So,position,rostered,6
2026,p4,Sr,P,played,144
2026,p4,Sr,P,rostered,10
2026,p4,Sr,position,played,174
2026,p4,Sr,position,rostered,4
2026,p4,unknown,position,played,2
