scope,season,class,group,group2,players,same_team,other_client_team,absent
class,2022,Fr,all,all,548,348,19,181
class,2022,Jr,all,all,410,197,13,200
class,2022,So,all,all,627,387,26,214
class,2022,Sr,all,all,364,55,8,301
class,2023,Fr,all,all,532,346,18,168
class,2023,Jr,all,all,594,302,18,274
class,2023,So,all,all,423,291,24,108
class,2023,Sr,all,all,366,50,10,306
class,2024,Fr,all,all,586,349,25,212
class,2024,Jr,all,all,530,268,10,252
class,2024,So,all,all,420,257,32,131
class,2024,Sr,all,all,504,48,3,453
class,2025,Fr,all,all,558,293,35,230
class,2025,Jr,all,all,593,274,39,280
class,2025,So,all,all,430,269,35,126
class,2025,Sr,all,all,458,54,13,391
class_tier,2022,Fr,mid,all,144,87,2,55
class_tier,2022,Fr,p4,all,404,261,17,126
class_tier,2022,Jr,mid,all,145,79,4,62
class_tier,2022,Jr,p4,all,265,118,9,138
class_tier,2022,So,mid,all,205,143,2,60
class_tier,2022,So,p4,all,422,244,24,154
class_tier,2022,Sr,mid,all,112,7,3,102
class_tier,2022,Sr,p4,all,252,48,5,199
class_tier,2023,Fr,low,all,4,3,0,1
class_tier,2023,Fr,mid,all,145,91,2,52
class_tier,2023,Fr,p4,all,383,252,16,115
class_tier,2023,Jr,low,all,14,9,0,5
class_tier,2023,Jr,mid,all,194,117,5,72
class_tier,2023,Jr,p4,all,386,176,13,197
class_tier,2023,So,low,all,10,8,0,2
class_tier,2023,So,mid,all,106,75,6,25
class_tier,2023,So,p4,all,307,208,18,81
class_tier,2023,Sr,low,all,7,7,0,0
class_tier,2023,Sr,mid,all,112,15,1,96
class_tier,2023,Sr,p4,all,247,28,9,210
class_tier,2024,Fr,low,all,1,1,0,0
class_tier,2024,Fr,mid,all,124,79,1,44
class_tier,2024,Fr,p4,all,461,269,24,168
class_tier,2024,Jr,low,all,18,12,0,6
class_tier,2024,Jr,mid,all,136,79,4,53
class_tier,2024,Jr,p4,all,376,177,6,193
class_tier,2024,So,low,all,3,3,0,0
class_tier,2024,So,mid,all,90,56,3,31
class_tier,2024,So,p4,all,327,198,29,100
class_tier,2024,Sr,low,all,16,1,0,15
class_tier,2024,Sr,mid,all,127,9,0,118
class_tier,2024,Sr,p4,all,361,38,3,320
class_tier,2025,Fr,low,all,5,1,0,4
class_tier,2025,Fr,mid,all,130,63,3,64
class_tier,2025,Fr,p4,all,423,229,32,162
class_tier,2025,Jr,low,all,19,10,0,9
class_tier,2025,Jr,mid,all,164,94,9,61
class_tier,2025,Jr,p4,all,410,170,30,210
class_tier,2025,So,low,all,2,2,0,0
class_tier,2025,So,mid,all,91,61,7,23
class_tier,2025,So,p4,all,337,206,28,103
class_tier,2025,Sr,low,all,14,4,0,10
class_tier,2025,Sr,mid,all,125,27,3,95
class_tier,2025,Sr,p4,all,319,23,10,286
class_role_tercile,2022,Fr,batter,t1,57,50,2,5
class_role_tercile,2022,Fr,batter,t2,34,30,2,2
class_role_tercile,2022,Fr,batter,t3,11,11,0,0
class_role_tercile,2022,Fr,batter,unknown,188,96,10,82
class_role_tercile,2022,Fr,pitcher,t1,61,47,3,11
class_role_tercile,2022,Fr,pitcher,t2,37,34,1,2
class_role_tercile,2022,Fr,pitcher,t3,29,25,0,4
class_role_tercile,2022,Fr,pitcher,unknown,131,55,1,75
class_role_tercile,2022,Jr,batter,t1,32,16,2,14
class_role_tercile,2022,Jr,batter,t2,57,37,4,16
class_role_tercile,2022,Jr,batter,t3,46,18,2,26
class_role_tercile,2022,Jr,batter,unknown,61,28,0,33
class_role_tercile,2022,Jr,pitcher,t1,39,19,1,19
class_role_tercile,2022,Jr,pitcher,t2,58,36,0,22
class_role_tercile,2022,Jr,pitcher,t3,48,21,0,27
class_role_tercile,2022,Jr,pitcher,unknown,69,22,4,43
class_role_tercile,2022,So,batter,t1,72,46,5,21
class_role_tercile,2022,So,batter,t2,56,43,4,9
class_role_tercile,2022,So,batter,t3,82,50,2,30
class_role_tercile,2022,So,batter,unknown,99,51,3,45
class_role_tercile,2022,So,pitcher,t1,66,38,4,24
class_role_tercile,2022,So,pitcher,t2,73,49,5,19
class_role_tercile,2022,So,pitcher,t3,89,68,1,20
class_role_tercile,2022,So,pitcher,unknown,90,42,2,46
class_role_tercile,2022,Sr,batter,t1,44,7,1,36
class_role_tercile,2022,Sr,batter,t2,60,6,2,52
class_role_tercile,2022,Sr,batter,t3,69,13,2,54
class_role_tercile,2022,Sr,batter,unknown,26,6,1,19
class_role_tercile,2022,Sr,pitcher,t1,45,4,0,41
class_role_tercile,2022,Sr,pitcher,t2,40,7,1,32
class_role_tercile,2022,Sr,pitcher,t3,45,5,1,39
class_role_tercile,2022,Sr,pitcher,unknown,35,7,0,28
class_role_tercile,2023,Fr,batter,t1,51,41,1,9
class_role_tercile,2023,Fr,batter,t2,23,22,1,0
class_role_tercile,2023,Fr,batter,t3,21,17,3,1
class_role_tercile,2023,Fr,batter,unknown,181,99,3,79
class_role_tercile,2023,Fr,pitcher,t1,49,40,1,8
class_role_tercile,2023,Fr,pitcher,t2,44,39,2,3
class_role_tercile,2023,Fr,pitcher,t3,21,18,2,1
class_role_tercile,2023,Fr,pitcher,unknown,142,70,5,67
class_role_tercile,2023,Jr,batter,t1,65,41,4,20
class_role_tercile,2023,Jr,batter,t2,66,44,3,19
class_role_tercile,2023,Jr,batter,t3,81,32,3,46
class_role_tercile,2023,Jr,batter,unknown,78,38,1,39
class_role_tercile,2023,Jr,pitcher,t1,65,38,2,25
class_role_tercile,2023,Jr,pitcher,t2,75,38,2,35
class_role_tercile,2023,Jr,pitcher,t3,94,43,3,48
class_role_tercile,2023,Jr,pitcher,unknown,70,28,0,42
class_role_tercile,2023,So,batter,t1,50,42,1,7
class_role_tercile,2023,So,batter,t2,50,36,3,11
class_role_tercile,2023,So,batter,t3,42,39,1,2
class_role_tercile,2023,So,batter,unknown,76,35,6,35
class_role_tercile,2023,So,pitcher,t1,41,29,2,10
class_role_tercile,2023,So,pitcher,t2,46,32,2,12
class_role_tercile,2023,So,pitcher,t3,50,38,6,6
class_role_tercile,2023,So,pitcher,unknown,68,40,3,25
class_role_tercile,2023,Sr,batter,t1,34,6,2,26
class_role_tercile,2023,Sr,batter,t2,61,12,0,49
class_role_tercile,2023,Sr,batter,t3,56,5,1,50
class_role_tercile,2023,Sr,batter,unknown,43,3,0,40
class_role_tercile,2023,Sr,pitcher,t1,44,5,1,38
class_role_tercile,2023,Sr,pitcher,t2,40,6,2,32
class_role_tercile,2023,Sr,pitcher,t3,43,5,1,37
class_role_tercile,2023,Sr,pitcher,unknown,45,8,3,34
class_role_tercile,2024,Fr,batter,t1,50,42,1,7
class_role_tercile,2024,Fr,batter,t2,22,16,4,2
class_role_tercile,2024,Fr,batter,t3,13,13,0,0
class_role_tercile,2024,Fr,batter,unknown,207,95,7,105
class_role_tercile,2024,Fr,pitcher,t1,58,43,5,10
class_role_tercile,2024,Fr,pitcher,t2,41,37,2,2
class_role_tercile,2024,Fr,pitcher,t3,24,21,1,2
class_role_tercile,2024,Fr,pitcher,unknown,171,82,5,84
class_role_tercile,2024,Jr,batter,t1,52,33,0,19
class_role_tercile,2024,Jr,batter,t2,54,33,1,20
class_role_tercile,2024,Jr,batter,t3,77,35,4,38
class_role_tercile,2024,Jr,batter,unknown,80,34,1,45
class_role_tercile,2024,Jr,pitcher,t1,54,29,1,24
class_role_tercile,2024,Jr,pitcher,t2,64,38,1,25
class_role_tercile,2024,Jr,pitcher,t3,71,23,2,46
class_role_tercile,2024,Jr,pitcher,unknown,78,43,0,35
class_role_tercile,2024,So,batter,t1,39,26,4,9
class_role_tercile,2024,So,batter,t2,40,31,6,3
class_role_tercile,2024,So,batter,t3,43,31,3,9
class_role_tercile,2024,So,batter,unknown,85,37,5,43
class_role_tercile,2024,So,pitcher,t1,51,33,4,14
class_role_tercile,2024,So,pitcher,t2,39,32,4,3
class_role_tercile,2024,So,pitcher,t3,47,30,6,11
class_role_tercile,2024,So,pitcher,unknown,76,37,0,39
class_role_tercile,2024,Sr,batter,t1,65,2,0,63
class_role_tercile,2024,Sr,batter,t2,88,6,0,82
class_role_tercile,2024,Sr,batter,t3,73,6,0,67
class_role_tercile,2024,Sr,batter,unknown,46,6,0,40
class_role_tercile,2024,Sr,pitcher,t1,43,4,1,38
class_role_tercile,2024,Sr,pitcher,t2,64,11,1,52
class_role_tercile,2024,Sr,pitcher,t3,68,5,0,63
class_role_tercile,2024,Sr,pitcher,unknown,57,8,1,48
class_role_tercile,2025,Fr,batter,t1,47,36,3,8
class_role_tercile,2025,Fr,batter,t2,20,18,1,1
class_role_tercile,2025,Fr,batter,t3,19,18,0,1
class_role_tercile,2025,Fr,batter,unknown,191,74,10,107
class_role_tercile,2025,Fr,pitcher,t1,50,37,3,10
class_role_tercile,2025,Fr,pitcher,t2,36,31,2,3
class_role_tercile,2025,Fr,pitcher,t3,22,17,4,1
class_role_tercile,2025,Fr,pitcher,unknown,173,62,12,99
class_role_tercile,2025,Jr,batter,t1,54,30,6,18
class_role_tercile,2025,Jr,batter,t2,75,44,3,28
class_role_tercile,2025,Jr,batter,t3,75,31,5,39
class_role_tercile,2025,Jr,batter,unknown,82,28,9,45
class_role_tercile,2025,Jr,pitcher,t1,74,35,3,36
class_role_tercile,2025,Jr,pitcher,t2,68,39,3,26
class_role_tercile,2025,Jr,pitcher,t3,73,27,5,41
class_role_tercile,2025,Jr,pitcher,unknown,92,40,5,47
class_role_tercile,2025,So,batter,t1,47,33,3,11
class_role_tercile,2025,So,batter,t2,42,34,2,6
class_role_tercile,2025,So,batter,t3,44,34,6,4
class_role_tercile,2025,So,batter,unknown,62,25,3,34
class_role_tercile,2025,So,pitcher,t1,38,25,5,8
class_role_tercile,2025,So,pitcher,t2,55,47,6,2
class_role_tercile,2025,So,pitcher,t3,58,43,5,10
class_role_tercile,2025,So,pitcher,unknown,84,28,5,51
class_role_tercile,2025,Sr,batter,t1,56,8,0,48
class_role_tercile,2025,Sr,batter,t2,68,9,1,58
class_role_tercile,2025,Sr,batter,t3,66,4,3,59
class_role_tercile,2025,Sr,batter,unknown,42,5,3,34
class_role_tercile,2025,Sr,pitcher,t1,50,2,2,46
class_role_tercile,2025,Sr,pitcher,t2,54,8,1,45
class_role_tercile,2025,Sr,pitcher,t3,63,9,1,53
class_role_tercile,2025,Sr,pitcher,unknown,59,9,2,48
class_played,2022,Fr,played,all,414,296,15,103
class_played,2022,Fr,rostered,all,134,52,4,78
class_played,2022,Jr,played,all,384,187,13,184
class_played,2022,Jr,rostered,all,26,10,0,16
class_played,2022,So,played,all,580,368,24,188
class_played,2022,So,rostered,all,47,19,2,26
class_played,2022,Sr,played,all,354,53,8,293
class_played,2022,Sr,rostered,all,10,2,0,8
class_played,2023,Fr,played,all,375,273,18,84
class_played,2023,Fr,rostered,all,157,73,0,84
class_played,2023,Jr,played,all,555,282,18,255
class_played,2023,Jr,rostered,all,39,20,0,19
class_played,2023,So,played,all,386,272,23,91
class_played,2023,So,rostered,all,37,19,1,17
class_played,2023,Sr,played,all,350,47,9,294
class_played,2023,Sr,rostered,all,16,3,1,12
class_played,2024,Fr,played,all,407,277,23,107
class_played,2024,Fr,rostered,all,179,72,2,105
class_played,2024,Jr,played,all,484,244,9,231
class_played,2024,Jr,rostered,all,46,24,1,21
class_played,2024,So,played,all,370,236,32,102
class_played,2024,So,rostered,all,50,21,0,29
class_played,2024,Sr,played,all,484,40,2,442
class_played,2024,Sr,rostered,all,20,8,1,11
class_played,2025,Fr,played,all,383,233,29,121
class_played,2025,Fr,rostered,all,175,60,6,109
class_played,2025,Jr,played,all,539,245,39,255
class_played,2025,Jr,rostered,all,54,29,0,25
class_played,2025,So,played,all,385,250,34,101
class_played,2025,So,rostered,all,45,19,1,25
class_played,2025,Sr,played,all,428,51,11,366
class_played,2025,Sr,rostered,all,30,3,2,25
