season,tier,teams,roster_mean,roster_sd,roster_min,roster_max,pitchers_mean,played_mean
2022,mid,16,37.875,3.222,29,42,18.125,33.812
2022,p4,34,39.5,3.165,30,46,19.559,35.029
2023,low,1,35.0,,35,35,16.0,32.0
2023,mid,15,37.133,2.031,34,40,17.733,32.8
2023,p4,34,38.912,2.479,35,47,19.265,33.588
2024,low,1,38.0,,38,38,21.0,37.0
2024,mid,12,39.75,1.765,37,43,18.333,34.25
2024,p4,37,41.216,3.293,34,47,20.676,35.054
2025,low,1,40.0,,40,40,21.0,35.0
2025,mid,13,39.231,2.774,34,45,18.846,33.769
2025,p4,36,41.361,2.939,35,48,21.75,35.028
2026,low,1,39.0,,39,39,20.0,39.0
2026,mid,13,39.308,3.86,33,48,18.538,33.538
2026,p4,36,38.806,2.214,35,44,19.75,34.361
