tier,class,origin,count,share_within_class
low,Fr,d1_transfer,13,0.029
low,Fr,high_school_only,344,0.7679
low,Fr,juco,1,0.0022
low,Fr,other_four_year,2,0.0045
low,Fr,unknown,88,0.1964
low,Gr,d1_transfer,21,0.2471
low,Gr,high_school_only,21,0.2471
low,Gr,juco,12,0.1412
low,Gr,other_four_year,30,0.3529
low,Gr,unknown,1,0.0118
low,Jr,d1_transfer,46,0.0781
low,Jr,high_school_only,170,0.2886
low,Jr,juco,226,0.3837
low,Jr,other_four_year,75,0.1273
low,Jr,unknown,72,0.1222
low,So,d1_transfer,27,0.0689
low,So,high_school_only,234,0.5969
low,So,juco,20,0.051
low,So,other_four_year,29,0.074
low,So,unknown,82,0.2092
low,Sr,d1_transfer,60,0.1319
low,Sr,high_school_only,129,0.2835
low,Sr,juco,133,0.2923
low,Sr,other_four_year,57,0.1253
low,Sr,unknown,76,0.167
low,unknown,d1_transfer,9,0.1406
low,unknown,high_school_only,6,0.0938
low,unknown,juco,26,0.4062
low,unknown,other_four_year,5,0.0781
low,unknown,unknown,18,0.2812
mid,Fr,d1_transfer,21,0.0182
mid,Fr,high_school_only,1013,0.8778
mid,Fr,juco,4,0.0035
mid,Fr,other_four_year,5,0.0043
mid,Fr,unknown,111,0.0962
mid,Gr,d1_transfer,62,0.3085
mid,Gr,high_school_only,26,0.1294
mid,Gr,juco,17,0.0846
mid,Gr,other_four_year,72,0.3582
mid,Gr,unknown,24,0.1194
mid,Jr,d1_transfer,183,0.1415
mid,Jr,high_school_only,423,0.3271
mid,Jr,juco,451,0.3488
mid,Jr,other_four_year,148,0.1145
mid,Jr,unknown,88,0.0681
mid,So,d1_transfer,128,0.1405
mid,So,high_school_only,582,0.6389
mid,So,juco,75,0.0823
mid,So,other_four_year,37,0.0406
mid,So,unknown,89,0.0977
mid,Sr,d1_transfer,228,0.2588
mid,Sr,high_school_only,251,0.2849
mid,Sr,juco,239,0.2713
mid,Sr,other_four_year,99,0.1124
mid,Sr,unknown,64,0.0726
mid,unknown,d1_transfer,23,0.2738
mid,unknown,high_school_only,35,0.4167
mid,unknown,juco,17,0.2024
mid,unknown,other_four_year,9,0.1071
p4,Fr,d1_transfer,9,0.0154
p4,Fr,high_school_only,487,0.8325
p4,Fr,other_four_year,2,0.0034
p4,Fr,unknown,87,0.1487
p4,Gr,d1_transfer,48,0.4752
p4,Gr,high_school_only,7,0.0693
p4,Gr,juco,3,0.0297
p4,Gr,other_four_year,19,0.1881
p4,Gr,unknown,24,0.2376
p4,Jr,d1_transfer,147,0.2593
p4,Jr,high_school_only,181,0.3192
p4,Jr,juco,134,0.2363
p4,Jr,other_four_year,32,0.0564
p4,Jr,unknown,73,0.1287
p4,So,d1_transfer,68,0.1538
p4,So,high_school_only,281,0.6357
p4,So,juco,35,0.0792
p4,So,other_four_year,11,0.0249
p4,So,unknown,47,0.1063
p4,Sr,d1_transfer,124,0.3875
p4,Sr,high_school_only,70,0.2188
p4,Sr,juco,54,0.1688
p4,Sr,other_four_year,32,0.1
p4,Sr,unknown,40,0.125
p4,unknown,high_school_only,4,0.8
p4,unknown,other_four_year,1,0.2
