season_after,tier,n_changes,n_tenure_known,tenure_median,tenure_p25,tenure_p75,tenure_mean,share_under_4_seasons,share_under_4_seasons_excl_interim_departures,tenure_by_reason_median (fired|retired|left|resigned),note
2019,p4,8,6,7.5,6.2,8.8,12.2,0.167,0.167,7.0|40.0|3.0|8.0,"tenure = seasons as head coach at the departed program (BA trackers, Wikipedia reason text, Wikipedia infobox for 2025)"
2019,mid,20,17,9.0,6.0,18.0,12.3,0.0,0.0,6.0|20.0|7.0|14.0,"tenure = seasons as head coach at the departed program (BA trackers, Wikipedia reason text, Wikipedia infobox for 2025)"
2019,low,9,9,7.0,2.0,8.0,5.4,0.444,0.444,1.0||7.5|7.0,"tenure = seasons as head coach at the departed program (BA trackers, Wikipedia reason text, Wikipedia infobox for 2025)"
2019,all,37,32,7.5,5.8,11.2,10.3,0.156,0.156,6.0|23.5|7.0|11.0,"tenure = seasons as head coach at the departed program (BA trackers, Wikipedia reason text, Wikipedia infobox for 2025)"
2020,p4,1,0,,,,,,,|||,"tenure = seasons as head coach at the departed program (BA trackers, Wikipedia reason text, Wikipedia infobox for 2025)"
2020,mid,8,0,,,,,,,|||,"tenure = seasons as head coach at the departed program (BA trackers, Wikipedia reason text, Wikipedia infobox for 2025)"
2020,low,5,0,,,,,,,|||,"tenure = seasons as head coach at the departed program (BA trackers, Wikipedia reason text, Wikipedia infobox for 2025)"
2020,all,14,0,,,,,,,|||,"tenure = seasons as head coach at the departed program (BA trackers, Wikipedia reason text, Wikipedia infobox for 2025)"
2021,p4,7,7,15.0,6.5,17.0,12.3,0.0,0.0,16.0|16.5|12.0|6.0,"tenure = seasons as head coach at the departed program (BA trackers, Wikipedia reason text, Wikipedia infobox for 2025)"
2021,mid,21,20,11.5,8.0,17.8,14,0.05,0.05,12.0|14.0|13.5|6.0,"tenure = seasons as head coach at the departed program (BA trackers, Wikipedia reason text, Wikipedia infobox for 2025)"
2021,low,12,10,8.5,6.2,11.8,9.5,0.2,0.2,|21.0|3.0|11.0,"tenure = seasons as head coach at the departed program (BA trackers, Wikipedia reason text, Wikipedia infobox for 2025)"
2021,all,40,37,11.0,7.0,16.0,12.5,0.081,0.081,14.0|14.5|10.0|10.0,"tenure = seasons as head coach at the departed program (BA trackers, Wikipedia reason text, Wikipedia infobox for 2025)"
2022,p4,11,11,7.0,4.5,11.0,8.5,0.273,0.273,5.0|16.5|6.5|7.0,"tenure = seasons as head coach at the departed program (BA trackers, Wikipedia reason text, Wikipedia infobox for 2025)"
2022,mid,25,25,9.0,6.0,16.0,12.7,0.08,0.08,11.5|16.5|9.0|6.0,"tenure = seasons as head coach at the departed program (BA trackers, Wikipedia reason text, Wikipedia infobox for 2025)"
2022,low,12,12,5.0,3.0,12.0,7.9,0.417,0.417,|30.0|5.5|4.0,"tenure = seasons as head coach at the departed program (BA trackers, Wikipedia reason text, Wikipedia infobox for 2025)"
2022,all,48,48,7.0,4.0,13.5,10.5,0.208,0.208,7.0|18.0|7.5|6.0,"tenure = seasons as head coach at the departed program (BA trackers, Wikipedia reason text, Wikipedia infobox for 2025)"
2023,p4,10,10,6.5,6.0,9.2,7.1,0.1,0.1,7.0||9.5|6.0,"tenure = seasons as head coach at the departed program (BA trackers, Wikipedia reason text, Wikipedia infobox for 2025)"
2023,mid,22,20,5.5,4.0,10.0,8,0.05,0.05,4.0|17.0|4.0|6.0,"tenure = seasons as head coach at the departed program (BA trackers, Wikipedia reason text, Wikipedia infobox for 2025)"
2023,low,10,10,8.5,4.5,17.8,13.9,0.2,0.2,5.5|18.0|5.5|19.0,"tenure = seasons as head coach at the departed program (BA trackers, Wikipedia reason text, Wikipedia infobox for 2025)"
2023,all,42,40,6.0,4.0,10.0,9.2,0.1,0.1,6.0|18.0|4.5|6.0,"tenure = seasons as head coach at the departed program (BA trackers, Wikipedia reason text, Wikipedia infobox for 2025)"
2024,p4,7,6,5.0,2.2,7.8,10.5,0.5,0.5,7.5|41.0|2.0|,"tenure = seasons as head coach at the departed program (BA trackers, Wikipedia reason text, Wikipedia infobox for 2025)"
2024,mid,24,22,6.0,3.0,8.8,8.0,0.318,0.318,7.0|42.0|4.0|4.0,"tenure = seasons as head coach at the departed program (BA trackers, Wikipedia reason text, Wikipedia infobox for 2025)"
2024,low,15,15,8.0,3.0,16.0,9.6,0.333,0.333,5.5|19.5|4.0|6.5,"tenure = seasons as head coach at the departed program (BA trackers, Wikipedia reason text, Wikipedia infobox for 2025)"
2024,all,46,43,7.0,3.0,10.5,8.9,0.349,0.349,7.0|32.0|3.0|4.0,"tenure = seasons as head coach at the departed program (BA trackers, Wikipedia reason text, Wikipedia infobox for 2025)"
2025,p4,5,4,17.5,11.5,24.5,18.5,0.0,0.0,7.0||17.5|32.0,"tenure = seasons as head coach at the departed program (BA trackers, Wikipedia reason text, Wikipedia infobox for 2025)"
2025,mid,14,13,8.0,2.0,17.0,10.2,0.385,0.385,3.5|22.0|3.0|8.0,"tenure = seasons as head coach at the departed program (BA trackers, Wikipedia reason text, Wikipedia infobox for 2025)"
2025,low,8,7,10.0,7.0,19.5,14.6,0.143,0.143,8.5|32.0||8.0,"tenure = seasons as head coach at the departed program (BA trackers, Wikipedia reason text, Wikipedia infobox for 2025)"
2025,all,27,24,9.0,4.5,19.0,12.9,0.25,0.25,6.0|28.0|8.0|8.0,"tenure = seasons as head coach at the departed program (BA trackers, Wikipedia reason text, Wikipedia infobox for 2025)"
2026,p4,3,3,16.0,9.5,23.0,16.3,0.333,0.333,9.5|30.0||,"tenure = seasons as head coach at the departed program (BA trackers, Wikipedia reason text, Wikipedia infobox for 2025)"
2026,mid,13,13,4.0,3.0,9.0,6.1,0.385,0.385,4.0|10.0|3.0|4.0,"tenure = seasons as head coach at the departed program (BA trackers, Wikipedia reason text, Wikipedia infobox for 2025)"
2026,low,8,7,8.0,4.0,10.0,9.1,0.286,0.286,3.0|27.0|8.0|7.5,"tenure = seasons as head coach at the departed program (BA trackers, Wikipedia reason text, Wikipedia infobox for 2025)"
2026,all,24,23,5.0,3.0,10.0,8.3,0.348,0.348,4.0|19.0|3.0|5.0,"tenure = seasons as head coach at the departed program (BA trackers, Wikipedia reason text, Wikipedia infobox for 2025)"
2019-2025 pooled,p4,49,44,7.0,6.0,13.0,10.5,0.182,0.182,7.0|19.0|6.0|7.0,"tenure = seasons as head coach at the departed program (BA trackers, Wikipedia reason text, Wikipedia infobox for 2025)"
2019-2025 pooled,mid,134,117,8.0,4.0,15.0,10.9,0.137,0.137,6.0|18.0|7.0|7.0,"tenure = seasons as head coach at the departed program (BA trackers, Wikipedia reason text, Wikipedia infobox for 2025)"
2019-2025 pooled,low,71,63,7.0,3.0,12.5,9.9,0.302,0.302,4.5|23.0|5.5|9.0,"tenure = seasons as head coach at the departed program (BA trackers, Wikipedia reason text, Wikipedia infobox for 2025)"
2019-2025 pooled,all,254,224,8.0,4.0,14.0,10.5,0.192,0.192,7.0|20.0|6.0|8.0,"tenure = seasons as head coach at the departed program (BA trackers, Wikipedia reason text, Wikipedia infobox for 2025)"
