season_after,tier,programs_in_tier (current map; D1 total from NCAA report),changes,changes_per_program,interim_only_or_open,reason_fired_not_renewed,reason_retired,reason_left_for_job,reason_resigned_other,reason_unstated,origin_asst_same_program,origin_d1_asst_elsewhere,origin_d1_hc_elsewhere,origin_d2_d3_naia_hc,origin_juco_hc,origin_mlb_pro,origin_hs_other,origin_other_or_former_hc,origin_unknown_or_open,sources,note
2019,p4,64,8,0.125,0,4,2,1,1,0,2,1,4,0,0,1,0,0,0,WP2019,
2019,mid,153,20,0.131,0,5,4,5,6,0,4,6,7,0,0,0,0,2,1,WP2019,
2019,low,90,9,0.1,1,2,0,4,2,1,1,5,1,0,0,0,1,0,1,WP2019,
2019,all,297,37,0.125,1,11,6,10,9,1,7,12,12,0,0,1,1,2,2,WP2019,
2020,p4,64,1,0.016,0,0,1,0,0,0,1,0,0,0,0,0,0,0,0,BA2020,BA-only year (Wikipedia table near-empty); 2020 was the pandemic year
2020,mid,153,8,0.052,3,0,2,1,0,5,1,0,1,0,0,0,0,0,6,BA2020,BA-only year (Wikipedia table near-empty); 2020 was the pandemic year
2020,low,90,5,0.056,1,0,1,1,0,3,1,0,0,0,0,0,0,0,4,BA2020,BA-only year (Wikipedia table near-empty); 2020 was the pandemic year
2020,all,299,14,0.047,4,0,4,2,0,8,3,0,1,0,0,0,0,0,10,BA2020,BA-only year (Wikipedia table near-empty); 2020 was the pandemic year
2021,p4,64,7,0.109,1,1,2,2,1,1,3,0,2,0,0,2,0,0,0,BA2021;WP2021,
2021,mid,153,21,0.137,3,3,9,4,4,1,9,5,3,1,1,1,0,1,0,BA2021;WP2021,
2021,low,90,12,0.133,1,1,1,3,4,3,4,3,1,2,0,1,0,1,0,BA2021,
2021,all,295,40,0.136,5,5,12,9,9,5,16,8,6,3,1,4,0,2,0,BA2021;WP2021,
2022,p4,64,11,0.172,0,4,2,2,3,0,1,3,5,0,1,0,0,1,0,BA2022;WP2022,
2022,mid,153,25,0.163,5,4,10,4,5,2,9,7,3,1,2,1,0,2,0,BA2022;WP2022,
2022,low,90,12,0.133,1,0,1,6,4,1,4,2,2,3,0,0,0,1,0,BA2022,
2022,all,293,48,0.164,6,8,13,12,12,3,14,12,10,4,3,1,0,4,0,BA2022;WP2022,
2023,p4,64,10,0.156,0,5,0,2,3,0,1,3,5,0,0,0,0,1,0,BA2023;WP2023,
2023,mid,153,22,0.144,1,9,4,7,2,0,7,3,6,0,0,0,0,1,5,BA2023;WP2023,
2023,low,90,10,0.111,1,2,3,2,1,2,5,1,1,0,0,0,0,0,3,BA2023;WP2023,
2023,all,295,42,0.142,2,16,7,11,6,2,13,7,12,0,0,0,0,2,8,BA2023;WP2023,
2024,p4,64,7,0.109,0,2,2,3,0,0,3,0,3,0,0,0,0,1,0,BA2024;CBI2024;WP2024,
2024,mid,153,24,0.157,0,9,2,10,1,2,6,2,10,2,1,0,0,2,1,BA2024;CBI2024;WP2024,
2024,low,90,15,0.167,0,2,2,5,6,0,6,2,0,2,0,0,1,1,3,BA2024;CBI2024;WP2024,
2024,all,295,46,0.156,0,13,6,18,7,2,15,4,13,4,1,0,1,4,4,BA2024;CBI2024;WP2024,
2025,p4,64,5,0.078,0,1,0,3,1,0,2,0,2,0,0,0,0,0,1,CBI2025;WP2025,
2025,mid,153,14,0.092,0,5,3,3,3,0,3,3,0,0,0,0,0,0,8,CBI2025;WP2025,
2025,low,90,8,0.089,0,2,2,0,3,1,1,0,0,0,0,0,0,0,7,CBI2025;WP2025,
2025,all,300,27,0.09,0,8,5,6,7,1,6,3,2,0,0,0,0,0,16,CBI2025;WP2025,
2026,p4,64,3,0.047,0,2,1,0,0,0,0,0,2,0,0,0,0,0,1,WP2026,"2026 partial: season-in-progress list, through 2026-10-10"
2026,mid,153,13,0.085,0,3,2,4,4,0,0,0,4,0,0,0,0,0,9,WP2026,"2026 partial: season-in-progress list, through 2026-10-10"
2026,low,90,8,0.089,0,2,1,3,2,0,0,0,0,0,0,0,0,0,8,WP2026,"2026 partial: season-in-progress list, through 2026-10-10"
2026,all,300,24,0.08,0,7,4,7,6,0,0,0,6,0,0,0,0,0,18,WP2026,"2026 partial: season-in-progress list, through 2026-10-10"
