league,level,status,teams,team_games,ab,pa_approx,ba,slg,obp,hr_per_team_game,runs_per_team_game,k_per_ab,bb_per_ab,hbp_per_pa,sb_per_team_game,ip,era,k_per_9,bb_per_9,hr_per_9,h_per_9,source_url,fetched,grade
PSAC,NCAA D2,ok,16.0,809.0,23672.0,28096.0,0.2916,0.4274,0.3902,0.6576,5.9135,0.2002,0.1317,0.0336,,5949.3333,5.5443,7.5518,4.5338,0.7397,9.9344,https://www.psacsports.org/stats.aspx?path=baseball&year=2025,2026-10-10,B
SSC,NCAA D2,ok,11.0,557.0,19222.0,22792.0,0.2948,0.4304,0.3918,0.7882,7.158,0.1889,0.1289,0.0345,,4844.6667,5.484,7.3027,4.4176,0.7022,9.9425,https://www.sunshinestateconference.com/stats.aspx?path=baseball&year=2025,2026-10-10,B
GLIAC,NCAA D2,ok,7.0,368.0,11893.0,14035.0,0.2955,0.4278,0.3897,0.6168,6.7527,0.1957,0.1275,0.0313,,2956.3333,5.3702,7.3825,4.2986,0.6758,9.6413,https://www.gliac.org/stats.aspx?path=baseball&year=2025,2026-10-10,B
GLVC,NCAA D2,ok,15.0,775.0,24120.0,28583.0,0.2932,0.4648,0.3925,1.071,6.6748,0.22,0.1273,0.0376,,5999.3333,7.0418,7.7934,4.9911,1.2196,10.9452,https://glvcsports.com/stats.aspx?path=baseball&year=2025,2026-10-10,B
MIAA,NCAA D2,ok,13.0,659.0,22245.0,26546.0,0.2916,0.4656,0.3948,1.1533,7.2838,0.2101,0.1313,0.0404,,5614.6667,6.431,7.707,4.6341,1.2263,10.1114,https://www.themiaa.com/stats.aspx?path=baseball&year=2025,2026-10-10,B
NSIC,NCAA D2,ok,14.0,726.0,23071.0,27461.0,0.2958,0.4558,0.3968,0.9669,6.9683,0.2143,0.1316,0.0377,,5670.3333,6.7758,7.8138,4.7648,1.0761,10.7994,https://northernsun.org/stats.aspx?path=baseball&year=2025,2026-10-10,B
LSC,NCAA D2,ok,13.0,692.0,21468.0,26074.0,0.3117,0.4865,0.421,0.974,7.7934,0.1999,0.1539,0.0377,,5275.0,7.5344,7.4099,5.5877,1.1244,11.3067,https://lonestarconference.org/stats.aspx?path=baseball&year=2025,2026-10-10,B
GSC,NCAA D2,ok,12.0,620.0,20021.0,23707.0,0.2872,0.4291,0.3876,0.9016,6.4919,0.2018,0.1252,0.0393,,5042.3333,6.1525,7.4287,4.5229,1.0459,10.388,https://gscsports.org/stats.aspx?path=baseball&year=2025,2026-10-10,B
CCCAA,JUCO (California),ok,87.0,3622.0,126668.0,150967.0,0.29,0.4074,0.3926,0.5491,7.1684,0.2016,0.1307,0.0396,1.4522,31754.3333,5.944,7.2393,4.693,0.564,10.4071,https://cccbca.com/sports/bsb/2024-25/teams,2026-10-10,B
KJCCC,NJCAA D1 (Kansas),ok,20.0,1074.0,31641.0,38484.0,0.3094,0.486,0.4213,0.9246,7.419,0.2131,0.1476,0.0456,1.5307,7761.6667,7.1335,8.2745,5.2736,1.0598,10.4985,https://kjccc.org/sports/bsb/2024-25/teams,2026-10-10,B
ACCC,NJCAA D1 (Alabama),ok,20.0,1080.0,29601.0,33671.0,0.2964,0.4234,,0.5509,5.5019,0.2035,0.1375,,1.4333,7366.0,5.8342,7.3175,4.7566,0.5682,10.0508,https://www.acccathletics.com/sports/bsb/2024-25/teams,2026-10-10,B
ICCAC D2,NJCAA D2 (Iowa),ok,9.0,514.0,15605.0,19326.0,0.2989,0.4828,0.4234,1.0739,7.856,0.2436,0.156,0.056,1.5759,3768.0,6.9291,9.0096,5.9427,0.965,9.824,https://iccac.org/sports/bsb/2024-25/d2/teams,2026-10-10,B
NWAC,"JUCO (Northwest, wood bats)",ok,29.0,1338.0,41500.0,47147.0,0.2448,0.3178,,0.204,4.9776,0.2108,0.1361,,1.7003,10967.0,4.5767,7.138,4.6834,0.2093,8.3509,https://nwacsports.org/sports/bsb/2024-25/teams,2026-10-10,B
D2 pooled,NCAA D2,ok,101.0,5206.0,165712.0,197294.0,0.2951,0.4502,0.3959,0.9072,6.8586,0.2049,0.1325,0.0368,,41352.0,6.3593,7.5694,4.7481,0.999,10.4341,the eight D2 rows,2026-10-10,B
