school,conference,operating_expenses,operating_revenue,source,fetched,grade
Tennessee,SEC,13002846,12839274,https://www.extrapointsmb.com/p/here-s-what-it-costs-to-compete-for-a-national-title-in-college-baseball (2026-03-12; top 25 of ~170 FOIA'd NCAA MFRS reports) and https://cdispatch.com/sports/msu-baseball-spending-sits-middle-of-the-sec-revenue-below-average-in-fy-2025/ (2026-07-08; 15 SEC public schools),2026-10-10,B
LSU,SEC,10988407,10066800,https://www.extrapointsmb.com/p/here-s-what-it-costs-to-compete-for-a-national-title-in-college-baseball (2026-03-12; top 25 of ~170 FOIA'd NCAA MFRS reports) and https://cdispatch.com/sports/msu-baseball-spending-sits-middle-of-the-sec-revenue-below-average-in-fy-2025/ (2026-07-08; 15 SEC public schools),2026-10-10,B
Ole Miss,SEC,10561988,11742871,https://www.extrapointsmb.com/p/here-s-what-it-costs-to-compete-for-a-national-title-in-college-baseball (2026-03-12; top 25 of ~170 FOIA'd NCAA MFRS reports) and https://cdispatch.com/sports/msu-baseball-spending-sits-middle-of-the-sec-revenue-below-average-in-fy-2025/ (2026-07-08; 15 SEC public schools),2026-10-10,B
Arkansas,SEC,9895654,6750930,https://www.extrapointsmb.com/p/here-s-what-it-costs-to-compete-for-a-national-title-in-college-baseball (2026-03-12; top 25 of ~170 FOIA'd NCAA MFRS reports) and https://cdispatch.com/sports/msu-baseball-spending-sits-middle-of-the-sec-revenue-below-average-in-fy-2025/ (2026-07-08; 15 SEC public schools),2026-10-10,B
Texas A&M,SEC,9016887,5758509,https://www.extrapointsmb.com/p/here-s-what-it-costs-to-compete-for-a-national-title-in-college-baseball (2026-03-12; top 25 of ~170 FOIA'd NCAA MFRS reports) and https://cdispatch.com/sports/msu-baseball-spending-sits-middle-of-the-sec-revenue-below-average-in-fy-2025/ (2026-07-08; 15 SEC public schools),2026-10-10,B
Texas,SEC,8599070,6416428,https://www.extrapointsmb.com/p/here-s-what-it-costs-to-compete-for-a-national-title-in-college-baseball (2026-03-12; top 25 of ~170 FOIA'd NCAA MFRS reports) and https://cdispatch.com/sports/msu-baseball-spending-sits-middle-of-the-sec-revenue-below-average-in-fy-2025/ (2026-07-08; 15 SEC public schools),2026-10-10,B
South Carolina,SEC,8046167,4056114,https://www.extrapointsmb.com/p/here-s-what-it-costs-to-compete-for-a-national-title-in-college-baseball (2026-03-12; top 25 of ~170 FOIA'd NCAA MFRS reports) and https://cdispatch.com/sports/msu-baseball-spending-sits-middle-of-the-sec-revenue-below-average-in-fy-2025/ (2026-07-08; 15 SEC public schools),2026-10-10,B
Clemson,ACC,7878612,,https://www.extrapointsmb.com/p/here-s-what-it-costs-to-compete-for-a-national-title-in-college-baseball (2026-03-12; top 25 of ~170 FOIA'd NCAA MFRS reports) and https://cdispatch.com/sports/msu-baseball-spending-sits-middle-of-the-sec-revenue-below-average-in-fy-2025/ (2026-07-08; 15 SEC public schools),2026-10-10,B
Texas Tech,Big 12,7617084,,https://www.extrapointsmb.com/p/here-s-what-it-costs-to-compete-for-a-national-title-in-college-baseball (2026-03-12; top 25 of ~170 FOIA'd NCAA MFRS reports) and https://cdispatch.com/sports/msu-baseball-spending-sits-middle-of-the-sec-revenue-below-average-in-fy-2025/ (2026-07-08; 15 SEC public schools),2026-10-10,B
Mississippi St.,SEC,7586164,3380930,https://www.extrapointsmb.com/p/here-s-what-it-costs-to-compete-for-a-national-title-in-college-baseball (2026-03-12; top 25 of ~170 FOIA'd NCAA MFRS reports) and https://cdispatch.com/sports/msu-baseball-spending-sits-middle-of-the-sec-revenue-below-average-in-fy-2025/ (2026-07-08; 15 SEC public schools),2026-10-10,B
Auburn,SEC,7570625,4134769,https://www.extrapointsmb.com/p/here-s-what-it-costs-to-compete-for-a-national-title-in-college-baseball (2026-03-12; top 25 of ~170 FOIA'd NCAA MFRS reports) and https://cdispatch.com/sports/msu-baseball-spending-sits-middle-of-the-sec-revenue-below-average-in-fy-2025/ (2026-07-08; 15 SEC public schools),2026-10-10,B
Arizona,Big 12,7115209,,https://www.extrapointsmb.com/p/here-s-what-it-costs-to-compete-for-a-national-title-in-college-baseball (2026-03-12; top 25 of ~170 FOIA'd NCAA MFRS reports) and https://cdispatch.com/sports/msu-baseball-spending-sits-middle-of-the-sec-revenue-below-average-in-fy-2025/ (2026-07-08; 15 SEC public schools),2026-10-10,B
Florida St.,ACC,6990656,,https://www.extrapointsmb.com/p/here-s-what-it-costs-to-compete-for-a-national-title-in-college-baseball (2026-03-12; top 25 of ~170 FOIA'd NCAA MFRS reports) and https://cdispatch.com/sports/msu-baseball-spending-sits-middle-of-the-sec-revenue-below-average-in-fy-2025/ (2026-07-08; 15 SEC public schools),2026-10-10,B
Virginia,ACC,6726210,,https://www.extrapointsmb.com/p/here-s-what-it-costs-to-compete-for-a-national-title-in-college-baseball (2026-03-12; top 25 of ~170 FOIA'd NCAA MFRS reports) and https://cdispatch.com/sports/msu-baseball-spending-sits-middle-of-the-sec-revenue-below-average-in-fy-2025/ (2026-07-08; 15 SEC public schools),2026-10-10,B
Alabama,SEC,6668905,2196935,https://www.extrapointsmb.com/p/here-s-what-it-costs-to-compete-for-a-national-title-in-college-baseball (2026-03-12; top 25 of ~170 FOIA'd NCAA MFRS reports) and https://cdispatch.com/sports/msu-baseball-spending-sits-middle-of-the-sec-revenue-below-average-in-fy-2025/ (2026-07-08; 15 SEC public schools),2026-10-10,B
Oklahoma,SEC,6599417,1712323,https://www.extrapointsmb.com/p/here-s-what-it-costs-to-compete-for-a-national-title-in-college-baseball (2026-03-12; top 25 of ~170 FOIA'd NCAA MFRS reports) and https://cdispatch.com/sports/msu-baseball-spending-sits-middle-of-the-sec-revenue-below-average-in-fy-2025/ (2026-07-08; 15 SEC public schools),2026-10-10,B
Florida,SEC,6480577,4374398,https://www.extrapointsmb.com/p/here-s-what-it-costs-to-compete-for-a-national-title-in-college-baseball (2026-03-12; top 25 of ~170 FOIA'd NCAA MFRS reports) and https://cdispatch.com/sports/msu-baseball-spending-sits-middle-of-the-sec-revenue-below-average-in-fy-2025/ (2026-07-08; 15 SEC public schools),2026-10-10,B
Georgia,SEC,6315754,2065883,https://www.extrapointsmb.com/p/here-s-what-it-costs-to-compete-for-a-national-title-in-college-baseball (2026-03-12; top 25 of ~170 FOIA'd NCAA MFRS reports) and https://cdispatch.com/sports/msu-baseball-spending-sits-middle-of-the-sec-revenue-below-average-in-fy-2025/ (2026-07-08; 15 SEC public schools),2026-10-10,B
North Carolina,ACC,6175122,,https://www.extrapointsmb.com/p/here-s-what-it-costs-to-compete-for-a-national-title-in-college-baseball (2026-03-12; top 25 of ~170 FOIA'd NCAA MFRS reports) and https://cdispatch.com/sports/msu-baseball-spending-sits-middle-of-the-sec-revenue-below-average-in-fy-2025/ (2026-07-08; 15 SEC public schools),2026-10-10,B
Oregon St.,Independent,5895226,,https://www.extrapointsmb.com/p/here-s-what-it-costs-to-compete-for-a-national-title-in-college-baseball (2026-03-12; top 25 of ~170 FOIA'd NCAA MFRS reports) and https://cdispatch.com/sports/msu-baseball-spending-sits-middle-of-the-sec-revenue-below-average-in-fy-2025/ (2026-07-08; 15 SEC public schools),2026-10-10,B
Louisville,ACC,5657261,,https://www.extrapointsmb.com/p/here-s-what-it-costs-to-compete-for-a-national-title-in-college-baseball (2026-03-12; top 25 of ~170 FOIA'd NCAA MFRS reports) and https://cdispatch.com/sports/msu-baseball-spending-sits-middle-of-the-sec-revenue-below-average-in-fy-2025/ (2026-07-08; 15 SEC public schools),2026-10-10,B
Nebraska,Big Ten,5637727,,https://www.extrapointsmb.com/p/here-s-what-it-costs-to-compete-for-a-national-title-in-college-baseball (2026-03-12; top 25 of ~170 FOIA'd NCAA MFRS reports) and https://cdispatch.com/sports/msu-baseball-spending-sits-middle-of-the-sec-revenue-below-average-in-fy-2025/ (2026-07-08; 15 SEC public schools),2026-10-10,B
Oregon,Big Ten,5397805,,https://www.extrapointsmb.com/p/here-s-what-it-costs-to-compete-for-a-national-title-in-college-baseball (2026-03-12; top 25 of ~170 FOIA'd NCAA MFRS reports) and https://cdispatch.com/sports/msu-baseball-spending-sits-middle-of-the-sec-revenue-below-average-in-fy-2025/ (2026-07-08; 15 SEC public schools),2026-10-10,B
Coastal Carolina,Sun Belt,5396598,,https://www.extrapointsmb.com/p/here-s-what-it-costs-to-compete-for-a-national-title-in-college-baseball (2026-03-12; top 25 of ~170 FOIA'd NCAA MFRS reports) and https://cdispatch.com/sports/msu-baseball-spending-sits-middle-of-the-sec-revenue-below-average-in-fy-2025/ (2026-07-08; 15 SEC public schools),2026-10-10,B
UCLA,Big Ten,5199301,,https://www.extrapointsmb.com/p/here-s-what-it-costs-to-compete-for-a-national-title-in-college-baseball (2026-03-12; top 25 of ~170 FOIA'd NCAA MFRS reports) and https://cdispatch.com/sports/msu-baseball-spending-sits-middle-of-the-sec-revenue-below-average-in-fy-2025/ (2026-07-08; 15 SEC public schools),2026-10-10,B
Kentucky,SEC,5139374,1221582,https://www.extrapointsmb.com/p/here-s-what-it-costs-to-compete-for-a-national-title-in-college-baseball (2026-03-12; top 25 of ~170 FOIA'd NCAA MFRS reports) and https://cdispatch.com/sports/msu-baseball-spending-sits-middle-of-the-sec-revenue-below-average-in-fy-2025/ (2026-07-08; 15 SEC public schools),2026-10-10,B
Missouri,SEC,4591972,321034,https://www.extrapointsmb.com/p/here-s-what-it-costs-to-compete-for-a-national-title-in-college-baseball (2026-03-12; top 25 of ~170 FOIA'd NCAA MFRS reports) and https://cdispatch.com/sports/msu-baseball-spending-sits-middle-of-the-sec-revenue-below-average-in-fy-2025/ (2026-07-08; 15 SEC public schools),2026-10-10,B
