home_state,p4,mid,low,total,in_state_players,in_state_share_of_states_players,share_p4,share_mid,share_low
CA,261,719,101,1081,649,0.6004,0.2414,0.6651,0.0934
TX,230,272,243,745,463,0.6215,0.3087,0.3651,0.3262
FL,169,321,124,614,294,0.4788,0.2752,0.5228,0.202
GA,97,230,67,394,142,0.3604,0.2462,0.5838,0.1701
IL,79,199,92,370,122,0.3297,0.2135,0.5378,0.2486
NC,64,241,16,321,225,0.7009,0.1994,0.7508,0.0498
NY,38,160,111,309,106,0.343,0.123,0.5178,0.3592
NJ,65,118,126,309,79,0.2557,0.2104,0.3819,0.4078
PA,62,135,107,304,61,0.2007,0.2039,0.4441,0.352
VA,43,198,38,279,170,0.6093,0.1541,0.7097,0.1362
OH,57,165,56,278,135,0.4856,0.205,0.5935,0.2014
LA,30,67,113,210,163,0.7762,0.1429,0.319,0.5381
IN,54,76,57,187,93,0.4973,0.2888,0.4064,0.3048
MI,68,76,37,181,79,0.4365,0.3757,0.4199,0.2044
TN,44,104,32,180,91,0.5056,0.2444,0.5778,0.1778
WA,49,102,13,164,66,0.4024,0.2988,0.622,0.0793
MO,42,70,46,158,51,0.3228,0.2658,0.443,0.2911
AZ,34,88,23,145,37,0.2552,0.2345,0.6069,0.1586
MA,29,69,46,144,48,0.3333,0.2014,0.4792,0.3194
WI,28,53,61,142,26,0.1831,0.1972,0.3732,0.4296
SC,38,98,5,141,79,0.5603,0.2695,0.695,0.0355
MS,36,63,35,134,52,0.3881,0.2687,0.4701,0.2612
CT,19,59,53,131,41,0.313,0.145,0.4504,0.4046
MN,44,34,52,130,41,0.3154,0.3385,0.2615,0.4
AL,30,77,22,129,68,0.5271,0.2326,0.5969,0.1705
CO,17,59,29,105,21,0.2,0.1619,0.5619,0.2762
MD,14,52,37,103,37,0.3592,0.1359,0.5049,0.3592
KY,18,56,26,100,53,0.53,0.18,0.56,0.26
NV,18,55,9,82,18,0.2195,0.2195,0.6707,0.1098
NE,24,16,39,79,44,0.557,0.3038,0.2025,0.4937
KS,27,37,11,75,16,0.2133,0.36,0.4933,0.1467
OR,23,43,4,70,30,0.4286,0.3286,0.6143,0.0571
AR,3,53,8,64,33,0.5156,0.0469,0.8281,0.125
OK,30,23,8,61,15,0.2459,0.4918,0.377,0.1311
IA,15,21,19,55,0,0.0,0.2727,0.3818,0.3455
UT,11,33,10,54,27,0.5,0.2037,0.6111,0.1852
RI,4,20,7,31,14,0.4516,0.129,0.6452,0.2258
ID,6,19,3,28,0,0.0,0.2143,0.6786,0.1071
HI,10,14,1,25,2,0.08,0.4,0.56,0.04
SD,5,2,13,20,7,0.35,0.25,0.1,0.65
NM,8,9,3,20,4,0.2,0.4,0.45,0.15
NH,4,11,5,20,0,0.0,0.2,0.55,0.25
WV,6,9,3,18,8,0.4444,0.3333,0.5,0.1667
DE,2,6,4,12,0,0.0,0.1667,0.5,0.3333
ND,1,2,8,11,4,0.3636,0.0909,0.1818,0.7273
WY,1,3,4,8,0,0.0,0.125,0.375,0.5
DC,1,3,2,6,1,0.1667,0.1667,0.5,0.3333
VT,0,2,4,6,0,0.0,0.0,0.3333,0.6667
MT,0,4,2,6,0,0.0,0.0,0.6667,0.3333
ME,0,5,0,5,0,0.0,0.0,1.0,0.0
AK,1,1,1,3,0,0.0,0.3333,0.3333,0.3333
