Rank,Team,G,IP,R,ER,ERA
1,Northeastern,60,523.0,205,178,3.06
2,Coastal Carolina,69,593.1,242,211,3.20
3,North Carolina,61,535.0,246,206,3.47
4,Western Ky.,60,522.0,248,203,3.50
5,Yale,45,398.1,188,159,3.59
6,Texas,58,514.2,250,212,3.71
7,LSU,68,584.2,272,242,3.73
8,Vanderbilt,61,521.0,240,216,3.73
9,Southeastern La.,54,459.1,228,192,3.76
10,Arkansas,65,557.2,258,238,3.84
11,UC Santa Barbara,54,481.2,244,210,3.92
12,UNCW,58,511.1,259,223,3.93
13,Southern Miss.,63,549.2,279,246,4.03
14,Tennessee,65,552.1,299,249,4.06
15,Oregon,58,504.2,253,230,4.10
16,Iowa,56,480.2,248,222,4.16
17,Oregon St.,65,573.0,302,270,4.24
18,Hawaii,56,506.1,272,239,4.25
19,UCF,55,476.0,264,227,4.29
20,Texas A&M,56,471.0,256,225,4.30
21,Creighton,59,509.2,292,245,4.33
22,Lamar University,57,488.1,277,235,4.33
23,Stetson,63,545.0,304,266,4.39
24,TCU,59,526.0,296,259,4.43
25,Arkansas St.,54,468.1,274,231,4.44
26,Mississippi St.,59,496.2,290,245,4.44
27,Oklahoma,60,516.0,308,256,4.47
28,Charlotte,58,507.1,277,253,4.49
29,Baylor,55,482.0,288,242,4.52
30,UCLA,66,578.0,316,291,4.53
31,ETSU,58,501.0,299,253,4.54
32,Kentucky,57,499.0,286,252,4.55
33,Oklahoma St.,55,474.2,290,240,4.55
34,UC Davis,55,491.2,277,249,4.56
35,McNeese,48,416.0,240,211,4.56
36,West Virginia,60,534.0,320,273,4.60
37,Liberty,57,492.1,279,254,4.64
38,Ole Miss,64,558.0,346,288,4.65
39,George Mason,61,526.0,318,272,4.65
40,Bryant,56,478.2,301,248,4.66
41,Southeast Mo. St.,55,489.2,300,254,4.67
42,Virginia,50,438.2,284,228,4.68
43,Auburn,61,528.2,306,276,4.70
44,Fla. Atlantic,58,506.1,295,265,4.71
45,Southern California,60,529.0,317,279,4.75
46,Mercer,60,526.1,315,278,4.75
47,Florida St.,58,497.0,283,263,4.76
48,Northwestern St.,56,480.2,303,255,4.77
49,Eastern Ill.,53,472.2,318,253,4.82
50,Washington,57,488.0,293,263,4.85
51,Arizona,65,573.0,345,309,4.85
52,Georgia Tech,60,506.0,307,274,4.87
53,FGCU,60,516.2,333,280,4.88
54,Florida,61,508.0,313,276,4.89
55,Col. of Charleston,59,507.1,313,276,4.90
56,UC Irvine,60,532.0,323,290,4.91
57,Oral Roberts,59,515.0,329,281,4.91
58,Fairfield,58,509.1,318,278,4.91
59,UTRGV,54,463.0,291,253,4.92
60,Georgia,60,516.2,305,283,4.93
61,Sacramento St.,58,511.0,320,280,4.93
62,Jacksonville,56,472.2,306,259,4.93
63,Michigan,56,476.0,302,263,4.97
64,Cal Poly,62,550.0,334,304,4.97
65,Wake Forest,61,519.0,347,288,4.99
66,UTSA,62,528.0,324,293,4.99
67,Troy,60,516.1,342,287,5.00
68,DBU,59,499.2,307,279,5.03
69,Kansas,60,530.0,328,297,5.04
70,Duke,62,544.0,352,305,5.05
71,Nebraska,62,537.2,349,302,5.06
72,Navy,51,421.1,280,237,5.06
73,Marshall,59,507.2,353,287,5.09
74,Clemson,63,548.1,357,310,5.09
75,Memphis,55,468.1,324,265,5.09
76,NC State,56,470.0,316,266,5.09
77,Notre Dame,53,451.0,292,256,5.11
78,UNLV,54,459.0,318,261,5.12
79,Alabama,59,505.1,319,288,5.13
80,Miami (FL),62,533.1,341,305,5.15
81,East Carolina,62,535.0,332,306,5.15
82,Murray St.,61,532.0,350,306,5.18
83,North Ala.,55,473.2,322,273,5.19
84,South Alabama,51,439.1,287,254,5.20
85,Virginia Tech,56,485.2,309,282,5.23
86,Toledo,61,513.2,341,300,5.26
87,Army West Point,50,414.0,284,243,5.28
88,Bethune-Cookman,60,505.1,366,297,5.29
89,Austin Peay,59,496.2,327,292,5.29
90,California Baptist,57,497.0,337,293,5.31
91,South Fla.,56,486.1,326,287,5.31
92,Michigan St.,55,470.1,326,278,5.32
93,Tennessee Tech,57,495.2,347,293,5.32
94,Samford,57,480.0,324,286,5.36
95,Houston Christian,57,482.1,353,288,5.37
96,Arizona St.,60,520.2,342,311,5.38
97,Louisville,66,561.0,390,336,5.39
98,Louisiana Tech,57,492.1,341,296,5.41
99,Monmouth,54,463.2,369,279,5.42
100,Central Conn. St.,48,399.2,277,241,5.43
101,Fresno St.,60,525.0,355,318,5.45
102,LIU,58,485.1,352,295,5.47
103,USC Upstate,61,534.2,390,325,5.47
104,Jackson St.,51,419.1,306,256,5.49
105,James Madison,55,477.2,344,292,5.50
106,Cal St. Fullerton,56,495.1,345,303,5.51
107,Houston,55,479.0,349,294,5.52
108,Louisiana,58,502.2,366,309,5.53
109,North Florida,56,472.1,366,292,5.56
110,Jacksonville St.,62,529.2,370,328,5.57
111,Cincinnati,59,518.2,357,322,5.59
112,Purdue,54,465.2,334,290,5.60
113,Indiana,56,469.2,332,293,5.61
114,Kennesaw St.,58,496.0,370,310,5.62
115,The Citadel,57,493.2,349,310,5.65
116,FIU,58,503.2,358,317,5.66
117,UAB,54,463.2,331,293,5.69
118,UC San Diego,51,443.0,330,280,5.69
119,Kent St.,56,469.0,328,297,5.70
120,Lipscomb,55,480.0,377,304,5.70
121,UConn,59,509.1,371,323,5.71
122,Richmond,52,444.1,316,282,5.71
123,Rutgers,57,490.2,342,312,5.72
124,Marist,54,467.1,367,298,5.74
125,Nevada,57,496.2,350,317,5.74
126,Maine,51,429.0,329,274,5.75
127,Delaware,53,452.1,354,289,5.75
128,NJIT,53,449.0,319,287,5.75
129,Minnesota,52,453.2,332,290,5.75
130,CSU Bakersfield,56,484.1,385,310,5.76
131,California,55,472.2,356,303,5.77
132,Penn,41,363.0,269,233,5.78
133,Sacred Heart,54,457.1,361,295,5.81
134,Xavier,59,505.0,371,326,5.81
135,Florida A&M,58,477.2,362,310,5.84
136,Saint Louis,59,502.0,358,326,5.84
137,Campbell,56,480.0,372,312,5.85
138,Iona,52,453.0,357,295,5.86
139,Holy Cross,58,474.0,360,310,5.89
140,Gonzaga,53,464.2,340,304,5.89
141,Kansas St.,58,494.2,371,324,5.89
142,Southern Ill.,57,492.2,383,324,5.92
143,Boston College,57,494.0,370,327,5.96
144,LMU (CA),58,504.1,391,335,5.98
145,Penn St.,56,483.2,359,322,5.99
146,Illinois St.,56,475.0,379,318,6.03
147,Santa Clara,50,427.0,331,286,6.03
148,San Jose St.,59,505.1,390,339,6.04
149,UNC Greensboro,54,469.0,360,315,6.04
150,North Dakota St.,55,462.2,344,311,6.05
151,Texas St.,58,496.1,373,334,6.06
152,UT Arlington,54,470.1,374,318,6.09
153,Portland,52,451.0,363,305,6.09
154,Seton Hall,54,452.0,368,306,6.09
155,San Francisco,56,479.2,370,325,6.10
156,Ga. Southern,59,503.2,376,342,6.11
157,Wofford,60,502.0,404,342,6.13
158,Wagner,53,450.0,367,309,6.18
159,Wright St.,61,519.2,393,359,6.22
160,Long Beach St.,53,463.2,345,321,6.23
161,A&M-Corpus Christi,52,455.0,361,316,6.25
162,Middle Tenn.,55,463.0,404,322,6.26
163,Nicholls,49,409.0,335,285,6.27
164,Alabama St.,60,507.2,415,354,6.28
165,Abilene Christian,57,494.0,380,345,6.29
166,San Diego,58,501.2,398,351,6.30
167,Utah,50,431.1,325,303,6.32
168,Saint Mary's (CA),62,538.1,428,379,6.34
169,Bowling Green,55,480.1,406,339,6.35
170,LSU New Orleans,54,455.2,386,322,6.36
171,Grand Canyon,58,500.0,405,354,6.37
172,Tulane,58,503.2,394,358,6.40
173,Old Dominion,53,457.0,369,325,6.40
174,South Carolina,57,483.1,385,344,6.41
175,Little Rock,61,527.2,434,376,6.41
176,Stanford,52,451.1,357,322,6.42
177,Ball St.,58,495.2,377,354,6.43
178,Rhode Island,60,516.2,416,369,6.43
179,Miami (OH),58,492.1,385,355,6.49
180,ULM,55,460.1,373,332,6.49
181,Illinois,54,461.2,369,333,6.49
182,Pittsburgh,55,476.0,398,345,6.52
183,Texas Tech,53,462.0,382,335,6.53
184,Utah Valley,62,528.1,434,384,6.54
185,Rider,52,453.1,375,330,6.55
186,Georgia St.,56,480.2,405,352,6.59
187,Wichita St.,56,481.2,402,353,6.60
188,Indiana St.,55,465.0,369,341,6.60
189,SIUE,54,465.2,388,343,6.63
190,Utah Tech,55,476.0,408,351,6.64
191,Columbia,49,421.2,355,311,6.64
192,Maryland,56,479.1,419,354,6.65
193,UT Martin,54,452.0,407,334,6.65
194,Fordham,58,502.0,437,371,6.65
195,Winthrop,60,519.1,440,384,6.65
196,Missouri St.,55,463.0,377,343,6.67
197,Western Ill.,50,418.1,360,310,6.67
198,UIC,55,461.2,381,343,6.69
199,Rice,57,484.1,427,361,6.71
200,Charleston So.,53,460.1,395,344,6.73
201,Elon,57,484.2,421,363,6.74
202,Akron,54,459.2,393,348,6.81
203,Tarleton St.,56,474.0,419,359,6.82
204,Stony Brook,52,439.2,376,335,6.86
205,Northern Ky.,56,482.1,431,368,6.87
206,Binghamton,55,457.1,377,349,6.87
207,Merrimack,51,425.1,380,325,6.88
208,Saint Joseph's,52,443.1,398,339,6.88
209,Belmont,60,498.2,448,383,6.91
210,Mount St. Mary's,51,440.0,394,338,6.91
211,Pacific,56,473.1,414,366,6.96
212,Seattle U,52,447.1,395,346,6.96
213,Dartmouth,36,309.2,276,240,6.98
214,San Diego St.,59,503.0,461,390,6.98
215,High Point,58,499.0,431,387,6.98
216,VCU,54,453.2,417,352,6.98
217,Villanova,50,423.2,370,329,6.99
218,Central Mich.,55,461.2,414,359,7.00
219,Western Caro.,58,485.1,444,378,7.01
220,George Washington,54,472.0,420,368,7.02
221,App State,54,468.1,402,366,7.03
222,BYU,55,479.2,404,375,7.04
223,Princeton,43,367.1,334,288,7.06
224,SFA,49,422.2,362,332,7.07
225,Omaha,50,420.1,372,332,7.11
226,Western Mich.,51,419.2,375,332,7.12
227,Quinnipiac,56,487.1,442,392,7.24
228,Manhattan,48,397.2,391,320,7.24
229,Central Ark.,55,472.0,425,380,7.25
230,Georgetown,56,477.2,475,385,7.25
231,UMass Lowell,53,441.1,388,356,7.26
232,St. John's (NY),53,467.2,415,378,7.27
233,Towson,56,466.1,433,378,7.30
234,UMBC,46,371.1,364,302,7.32
235,Air Force,54,445.1,437,364,7.36
236,Bucknell,45,356.0,342,291,7.36
237,South Dakota St.,52,428.0,406,350,7.36
238,Niagara,47,391.0,380,321,7.39
239,Brown,39,330.0,306,271,7.39
240,Dayton,58,493.0,463,405,7.39
241,Milwaukee,59,501.1,461,413,7.41
242,Lehigh,50,398.1,379,329,7.43
243,Radford,56,492.0,449,407,7.45
244,Pepperdine,54,467.0,433,387,7.46
245,VMI,53,436.1,421,364,7.51
246,Oakland,60,515.2,471,431,7.52
247,Washington St.,54,448.2,426,376,7.54
248,Ark.-Pine Bluff,53,437.1,450,367,7.55
249,UC Riverside,52,454.2,424,383,7.58
250,UAlbany,54,445.2,445,376,7.59
251,Siena,54,457.1,454,386,7.60
252,Eastern Ky.,55,453.1,443,385,7.64
253,Northwestern,52,429.1,385,365,7.65
254,NIU,54,452.2,451,386,7.67
255,Eastern Mich.,52,442.1,431,382,7.77
256,Canisius,45,380.0,366,331,7.84
257,Presbyterian,52,434.2,453,380,7.87
258,New Mexico St.,56,480.0,462,422,7.91
259,FDU,53,425.1,436,376,7.96
260,Davidson,56,473.2,467,419,7.96
261,Harvard,42,348.2,359,309,7.98
262,Northern Colo.,51,443.1,457,395,8.02
263,Cornell,34,287.0,283,257,8.06
264,Lafayette,49,390.2,402,350,8.06
265,New Mexico,53,454.2,452,408,8.08
266,Ohio,51,433.2,456,401,8.32
267,Massachusetts,49,412.1,447,383,8.36
268,Bradley,51,432.2,441,408,8.49
269,CSUN,49,430.0,440,406,8.50
270,Evansville,54,449.1,498,428,8.57
271,N.C. A&T,52,439.2,473,419,8.58
272,Gardner-Webb,53,442.2,479,422,8.58
273,Sam Houston,55,464.2,511,445,8.62
274,Hofstra,54,450.2,499,432,8.63
275,Valparaiso,50,403.1,445,388,8.66
276,UIW,50,420.2,447,408,8.73
277,William & Mary,56,468.2,522,460,8.83
278,St. Bonaventure,49,409.2,462,404,8.88
279,Purdue Fort Wayne,53,444.1,504,443,8.97
280,Prairie View,53,423.0,479,423,9.00
281,Texas Southern,54,435.2,469,437,9.03
282,Grambling,54,444.0,506,448,9.08
283,Morehead St.,53,454.0,539,459,9.10
284,Missouri,55,448.1,496,458,9.19
285,UNC Asheville,50,410.2,496,429,9.40
286,Bellarmine,55,448.2,539,472,9.47
287,Longwood,52,435.1,551,459,9.49
288,Ohio St.,50,418.0,505,447,9.62
289,Coppin St.,49,395.2,534,426,9.69
290,UMES,48,387.1,494,421,9.78
291,Southern U.,51,407.1,496,443,9.79
292,Norfolk St.,42,344.1,455,376,9.83
293,Youngstown St.,57,458.2,602,507,9.95
294,Saint Peter's,48,397.2,521,461,10.43
295,Butler,54,430.1,594,499,10.44
296,Alabama A&M,50,396.1,564,470,10.67
297,Mississippi Val.,41,329.0,454,391,10.70
298,Delaware St.,41,318.0,513,409,11.58
299,Alcorn,49,366.2,651,557,13.67
