Rank,Team,G,PO,A,E,PCT
1,Charlotte,58,1522,462,32,.984
2,Arkansas,65,1673,506,37,.983
3,Liberty,57,1477,488,34,.983
4,Ball St.,58,1487,472,34,.983
5,Vanderbilt,61,1563,445,35,.983
6,Georgia,60,1550,500,36,.983
7,UCLA,66,1734,621,43,.982
8,Auburn,61,1586,496,39,.982
9,Cal Poly,62,1650,547,42,.981
10,LSU,68,1754,543,44,.981
11,Florida St.,58,1491,494,39,.981
12,Texas,58,1544,552,42,.980
13,Northeastern,60,1569,596,44,.980
14,Michigan,56,1428,565,41,.980
15,Oregon St.,65,1719,578,48,.980
16,DBU,59,1499,503,42,.979
17,UC Davis,55,1475,510,42,.979
18,UTRGV,54,1389,479,40,.979
19,Murray St.,61,1596,529,46,.979
20,Cincinnati,59,1556,544,46,.979
21,Arizona St.,60,1562,478,45,.978
22,BYU,55,1436,526,44,.978
23,Northwestern,52,1288,489,40,.978
24,Duke,62,1632,580,50,.978
25,Rutgers,57,1472,502,45,.978
26,UTSA,62,1584,471,47,.978
27,Arizona,65,1719,591,53,.978
28,Fresno St.,60,1575,509,48,.977
29,Stanford,52,1354,474,43,.977
30,Washington,57,1463,491,46,.977
31,Stetson,63,1635,567,52,.977
32,Kentucky,57,1497,493,47,.977
33,Nevada,57,1490,541,48,.977
34,Binghamton,55,1372,486,44,.977
35,Coastal Carolina,69,1780,625,57,.977
36,Abilene Christian,57,1482,498,47,.977
37,UC Santa Barbara,54,1445,448,45,.977
38,Kansas,60,1590,547,51,.977
39,NC State,56,1410,465,45,.977
40,Oregon,58,1514,485,48,.977
41,Southern California,60,1587,531,51,.976
42,Notre Dame,53,1353,473,44,.976
43,North Carolina,61,1605,493,51,.976
44,Missouri St.,55,1389,457,45,.976
45,Toledo,61,1541,586,52,.976
46,Richmond,52,1333,462,44,.976
47,Tulane,58,1511,517,50,.976
48,Alabama,59,1516,485,50,.976
49,Cornell,34,861,338,30,.976
50,San Francisco,56,1439,629,52,.975
51,UIW,50,1262,487,44,.975
52,UC Irvine,60,1596,543,54,.975
53,San Diego,58,1505,502,51,.975
54,Utah,50,1294,397,43,.975
55,Purdue,54,1397,450,47,.975
56,Fla. Atlantic,58,1519,513,52,.975
57,Akron,54,1379,493,48,.975
-,UAB,54,1389,522,49,.975
59,East Carolina,62,1605,497,54,.975
60,Nebraska,62,1613,591,57,.975
61,UConn,59,1528,441,51,.975
62,Xavier,59,1515,525,53,.975
63,UNCW,58,1531,546,54,.975
64,Saint Louis,59,1506,528,53,.975
65,Penn St.,56,1451,500,51,.975
66,TCU,59,1578,557,56,.974
67,Santa Clara,50,1281,432,45,.974
68,UCF,55,1428,509,51,.974
69,St. John's (NY),53,1402,489,50,.974
70,Texas A&M,56,1413,424,49,.974
71,Miami (FL),62,1600,571,58,.974
72,The Citadel,57,1481,540,54,.974
73,Florida,61,1524,421,52,.974
-,South Carolina,57,1450,495,52,.974
75,ULM,55,1381,526,51,.974
76,Bradley,51,1298,448,47,.974
77,Fairfield,58,1528,548,56,.974
78,Miami (OH),58,1477,450,52,.974
79,Southern Miss.,63,1649,561,60,.974
80,Iowa,56,1442,468,52,.973
81,Virginia Tech,56,1457,376,50,.973
82,NJIT,53,1347,411,48,.973
83,Texas St.,58,1489,480,54,.973
84,Mercer,60,1579,565,59,.973
85,ETSU,58,1503,524,56,.973
86,Clemson,63,1645,554,61,.973
87,South Fla.,56,1459,450,53,.973
88,Gonzaga,53,1394,476,52,.973
89,Ga. Southern,59,1511,502,56,.973
90,Hawaii,56,1519,529,57,.973
-,Wright St.,61,1559,489,57,.973
92,Boston College,57,1482,522,56,.973
93,CSUN,49,1290,463,49,.973
94,SIUE,54,1397,496,53,.973
95,Stony Brook,52,1319,534,52,.973
96,Rhode Island,60,1550,548,59,.973
97,UIC,55,1385,498,53,.973
98,New Mexico,53,1364,516,53,.973
99,Indiana St.,55,1395,508,54,.972
100,Cal St. Fullerton,56,1486,519,57,.972
101,Georgia Tech,60,1518,522,58,.972
102,Illinois St.,56,1425,503,55,.972
103,Creighton,59,1529,539,59,.972
104,North Dakota St.,55,1388,467,53,.972
105,Sacramento St.,58,1533,565,60,.972
106,New Mexico St.,56,1439,514,56,.972
107,Oklahoma St.,55,1424,458,54,.972
108,Southeastern La.,54,1378,501,54,.972
109,George Mason,61,1578,576,62,.972
110,Saint Mary's (CA),62,1615,571,63,.972
111,Mississippi St.,59,1490,444,56,.972
112,UC San Diego,51,1329,458,52,.972
113,High Point,58,1497,528,59,.972
114,Louisiana Tech,57,1477,579,60,.972
115,Louisville,66,1683,605,67,.972
116,Central Ark.,55,1416,489,56,.971
117,Rider,52,1359,506,55,.971
118,Oklahoma,60,1548,519,61,.971
119,Austin Peay,59,1490,473,58,.971
120,Dartmouth,36,929,323,37,.971
121,Portland,52,1353,526,56,.971
122,Grand Canyon,58,1500,513,60,.971
123,Yale,45,1195,415,48,.971
124,Davidson,56,1421,485,57,.971
125,Arkansas St.,54,1405,529,58,.971
126,Texas Tech,53,1386,501,57,.971
127,Lamar University,57,1465,509,60,.971
128,California,55,1418,474,58,.970
129,Col. of Charleston,59,1522,579,65,.970
130,Wichita St.,56,1445,494,60,.970
131,Southeast Mo. St.,55,1469,550,63,.970
132,Indiana,56,1409,447,58,.970
-,Western Ky.,60,1566,514,65,.970
134,FGCU,60,1550,523,65,.970
135,SFA,49,1268,421,53,.970
136,Maryland,56,1438,472,60,.970
137,Ole Miss,64,1674,522,69,.970
138,Army West Point,50,1242,444,53,.970
139,Tennessee,65,1657,537,69,.970
140,Eastern Ill.,53,1409,492,60,.969
141,Tennessee Tech,57,1487,568,65,.969
142,McNeese,48,1248,425,53,.969
143,Oral Roberts,59,1545,536,66,.969
144,Virginia,50,1316,445,56,.969
145,App State,54,1405,508,61,.969
146,Long Beach St.,53,1391,455,59,.969
147,Little Rock,61,1583,559,69,.969
148,Jacksonville St.,62,1588,552,69,.969
149,Troy,60,1549,525,67,.969
150,Samford,57,1439,474,62,.969
151,Penn,41,1089,389,48,.969
152,West Virginia,60,1602,516,69,.968
153,George Washington,54,1416,547,64,.968
154,Tarleton St.,56,1422,596,66,.968
155,Western Mich.,51,1259,480,57,.968
156,Oakland,60,1547,578,70,.968
157,Wagner,53,1349,471,60,.968
158,Baylor,55,1446,521,65,.968
159,Pittsburgh,55,1428,508,64,.968
-,Radford,56,1476,581,68,.968
161,California Baptist,57,1491,534,67,.968
162,Illinois,54,1385,569,65,.968
163,South Alabama,51,1318,417,58,.968
164,Memphis,55,1405,507,64,.968
165,FDU,53,1276,456,58,.968
166,Pacific,56,1420,457,63,.968
167,Central Conn. St.,48,1199,408,54,.967
168,San Jose St.,59,1516,536,69,.967
169,Bryant,56,1436,519,66,.967
170,North Ala.,55,1421,487,65,.967
171,LIU,58,1456,442,65,.967
172,Maine,51,1287,458,60,.967
173,Gardner-Webb,53,1327,472,62,.967
174,VCU,54,1361,461,63,.967
175,Milwaukee,59,1504,574,72,.967
176,Kent St.,56,1407,497,66,.966
177,Brown,39,990,364,47,.966
178,Delaware,53,1357,452,63,.966
179,A&M-Corpus Christi,52,1365,498,65,.966
180,FIU,58,1511,466,69,.966
181,Southern Ill.,57,1478,495,69,.966
182,Central Mich.,55,1385,443,64,.966
183,Lipscomb,55,1440,473,67,.966
184,Missouri,55,1345,452,63,.966
185,Omaha,50,1261,417,59,.966
186,Pepperdine,54,1401,502,67,.966
187,Utah Valley,62,1585,516,74,.966
188,Texas Southern,54,1307,477,63,.966
189,Washington St.,54,1346,543,67,.966
190,UAlbany,54,1337,465,64,.966
191,UMass Lowell,53,1324,448,63,.966
192,James Madison,55,1433,528,70,.966
-,Kansas St.,58,1484,477,70,.966
194,Utah Tech,55,1428,553,71,.965
195,Wofford,60,1506,493,72,.965
196,Belmont,60,1496,529,73,.965
197,Eastern Mich.,52,1327,448,64,.965
198,Georgia St.,56,1442,469,69,.965
199,Seattle U,52,1342,453,65,.965
200,Hofstra,54,1352,470,66,.965
201,UNLV,54,1377,472,67,.965
202,Navy,51,1264,462,63,.965
203,Minnesota,52,1361,444,66,.965
204,Winthrop,60,1557,517,76,.965
205,Villanova,50,1271,393,61,.965
206,USC Upstate,61,1604,545,79,.965
207,LMU (CA),58,1512,473,73,.965
208,Quinnipiac,56,1462,495,72,.965
209,Old Dominion,53,1371,476,68,.964
210,Northwestern St.,56,1439,516,72,.964
211,Merrimack,51,1275,515,66,.964
212,Kennesaw St.,58,1488,433,71,.964
213,Bowling Green,55,1441,499,72,.964
214,Northern Ky.,56,1445,456,71,.964
215,NIU,54,1358,408,66,.964
216,Columbia,49,1265,446,64,.964
217,Iona,52,1359,481,69,.964
218,Seton Hall,54,1356,502,70,.964
219,LSU New Orleans,54,1367,489,70,.964
220,Florida A&M,58,1433,553,75,.964
221,Marshall,59,1523,590,80,.964
222,Houston Christian,57,1445,503,74,.963
223,Wake Forest,61,1557,465,77,.963
224,Western Caro.,58,1456,484,74,.963
225,Houston,55,1437,522,75,.963
226,UNC Greensboro,54,1407,495,73,.963
227,Dayton,58,1479,544,78,.963
228,Rice,57,1453,538,77,.963
229,Western Ill.,50,1255,423,65,.963
230,UT Arlington,54,1411,602,78,.963
231,Elon,57,1454,506,76,.963
232,CSU Bakersfield,56,1453,504,76,.963
233,Jacksonville,56,1418,486,74,.963
234,Jackson St.,51,1255,466,67,.963
235,Holy Cross,58,1422,499,75,.962
236,UC Riverside,52,1364,427,70,.962
237,Louisiana,58,1508,513,79,.962
238,Canisius,45,1140,405,61,.962
239,Marist,54,1402,429,73,.962
240,Bellarmine,55,1346,430,71,.962
241,Charleston So.,53,1381,485,75,.961
242,Nicholls,49,1227,402,66,.961
243,Fordham,58,1506,553,84,.961
244,Mount St. Mary's,51,1320,469,73,.961
245,Siena,54,1372,463,75,.961
246,Princeton,43,1102,389,61,.961
247,Lafayette,49,1172,412,65,.961
248,North Florida,56,1417,494,79,.960
249,VMI,53,1308,453,73,.960
250,Lehigh,50,1195,393,66,.960
251,Harvard,42,1046,363,59,.960
252,Valparaiso,50,1210,406,69,.959
253,Sam Houston,55,1394,455,79,.959
254,Bethune-Cookman,60,1516,565,89,.959
255,UNC Asheville,50,1232,464,73,.959
256,Evansville,54,1348,457,78,.959
257,Ohio,51,1301,478,77,.959
258,Massachusetts,49,1237,448,73,.958
259,Saint Peter's,48,1193,487,73,.958
260,South Dakota St.,52,1284,487,77,.958
261,Georgetown,56,1433,520,85,.958
262,Towson,56,1399,526,84,.958
263,UT Martin,54,1356,428,78,.958
264,Northern Colo.,51,1330,493,80,.958
265,Purdue Fort Wayne,53,1333,467,79,.958
266,Alabama St.,60,1522,550,91,.958
267,Niagara,47,1173,405,70,.958
268,St. Bonaventure,49,1229,412,73,.957
269,Monmouth,54,1391,474,83,.957
270,Grambling,54,1332,478,81,.957
271,Butler,54,1291,470,80,.957
272,Campbell,56,1440,479,88,.956
273,Eastern Ky.,55,1360,496,86,.956
274,Michigan St.,55,1411,489,89,.955
275,Southern U.,51,1222,415,77,.955
276,N.C. A&T,52,1319,445,83,.955
277,San Diego St.,59,1509,493,95,.955
278,Middle Tenn.,55,1389,476,89,.954
279,Saint Joseph's,52,1330,482,87,.954
280,Ohio St.,50,1254,379,79,.954
281,Air Force,54,1336,513,90,.954
282,Presbyterian,52,1304,418,84,.953
283,Bucknell,45,1068,385,71,.953
284,Morehead St.,53,1362,498,91,.953
285,UMES,48,1161,436,80,.952
286,Longwood,52,1306,441,88,.952
287,Ark.-Pine Bluff,53,1312,444,92,.950
288,Sacred Heart,54,1372,527,103,.949
289,Manhattan,48,1192,451,90,.948
290,Prairie View,53,1265,501,97,.948
291,Mississippi Val.,41,989,355,74,.948
292,Youngstown St.,57,1376,493,105,.947
293,William & Mary,56,1406,439,104,.947
294,UMBC,46,1114,398,88,.945
295,Alabama A&M,50,1189,439,102,.941
296,Norfolk St.,42,1033,328,86,.941
297,Coppin St.,49,1186,370,108,.935
298,Delaware St.,41,954,306,91,.933
299,Alcorn,49,1098,376,109,.931
